Workbook

Sheet 업그레이드
B2: 식별 순번 | C2: 식별 Enum | D2: 레벨 | E2: 항목 | F2: 수치 | G2: 수치 타입 | H2: 가격 타입 | I2: 가격 수치 | J2: 기타 설명
B3: 1 | C3: ATT | D3: 1 | E3: 공격력 | F3: ='밸런스 조정'!$C$3+'밸런스 조정'!$D$3*D3 -> 4 | G3: value | H3: Coin | I3: =ROUND('밸런스 조정'!$E$3+'밸런스 조정'!$F$3*(D3-1)+'밸런스 조정'!$C$69*MAX(0,D3-3)^2,0) -> 10 | J3: 기본 공격력 증가
B4: 1 | C4: ATT | D4: 2 | E4: 공격력 | F4: ='밸런스 조정'!$C$3+'밸런스 조정'!$D$3*D4 -> 8 | G4: value | H4: Coin | I4: =ROUND('밸런스 조정'!$E$3+'밸런스 조정'!$F$3*(D4-1)+'밸런스 조정'!$C$69*MAX(0,D4-3)^2,0) -> 15 | J4: 기본 공격력 증가
B5: 1 | C5: ATT | D5: 3 | E5: 공격력 | F5: ='밸런스 조정'!$C$3+'밸런스 조정'!$D$3*D5 -> 12 | G5: value | H5: Coin | I5: =ROUND('밸런스 조정'!$E$3+'밸런스 조정'!$F$3*(D5-1)+'밸런스 조정'!$C$69*MAX(0,D5-3)^2,0) -> 20 | J5: 기본 공격력 증가
B6: 1 | C6: ATT | D6: 4 | E6: 공격력 | F6: ='밸런스 조정'!$C$3+'밸런스 조정'!$D$3*D6 -> 16 | G6: value | H6: Coin | I6: =ROUND('밸런스 조정'!$E$3+'밸런스 조정'!$F$3*(D6-1)+'밸런스 조정'!$C$69*MAX(0,D6-3)^2,0) -> 27 | J6: 기본 공격력 증가
B7: 1 | C7: ATT | D7: 5 | E7: 공격력 | F7: ='밸런스 조정'!$C$3+'밸런스 조정'!$D$3*D7 -> 20 | G7: value | H7: Coin | I7: =ROUND('밸런스 조정'!$E$3+'밸런스 조정'!$F$3*(D7-1)+'밸런스 조정'!$C$69*MAX(0,D7-3)^2,0) -> 38 | J7: 기본 공격력 증가
B8: 1 | C8: ATT | D8: 6 | E8: 공격력 | F8: ='밸런스 조정'!$C$3+'밸런스 조정'!$D$3*D8 -> 24 | G8: value | H8: Coin | I8: =ROUND('밸런스 조정'!$E$3+'밸런스 조정'!$F$3*(D8-1)+'밸런스 조정'!$C$69*MAX(0,D8-3)^2,0) -> 53 | J8: 기본 공격력 증가
B9: 1 | C9: ATT | D9: 7 | E9: 공격력 | F9: ='밸런스 조정'!$C$3+'밸런스 조정'!$D$3*D9 -> 28 | G9: value | H9: Coin | I9: =ROUND('밸런스 조정'!$E$3+'밸런스 조정'!$F$3*(D9-1)+'밸런스 조정'!$C$69*MAX(0,D9-3)^2,0) -> 72 | J9: 기본 공격력 증가
B10: 1 | C10: ATT | D10: 8 | E10: 공격력 | F10: ='밸런스 조정'!$C$3+'밸런스 조정'!$D$3*D10 -> 32 | G10: value | H10: Coin | I10: =ROUND('밸런스 조정'!$E$3+'밸런스 조정'!$F$3*(D10-1)+'밸런스 조정'!$C$69*MAX(0,D10-3)^2,0) -> 95 | J10: 기본 공격력 증가
B11: 1 | C11: ATT | D11: 9 | E11: 공격력 | F11: ='밸런스 조정'!$C$3+'밸런스 조정'!$D$3*D11 -> 36 | G11: value | H11: Coin | I11: =ROUND('밸런스 조정'!$E$3+'밸런스 조정'!$F$3*(D11-1)+'밸런스 조정'!$C$69*MAX(0,D11-3)^2,0) -> 122 | J11: 기본 공격력 증가
B12: 1 | C12: ATT | D12: 10 | E12: 공격력 | F12: ='밸런스 조정'!$C$3+'밸런스 조정'!$D$3*D12 -> 40 | G12: value | H12: Coin | I12: =ROUND('밸런스 조정'!$E$3+'밸런스 조정'!$F$3*(D12-1)+'밸런스 조정'!$C$69*MAX(0,D12-3)^2,0) -> 153 | J12: 기본 공격력 증가
B13: 1 | C13: ATT | D13: 11 | E13: 공격력 | F13: ='밸런스 조정'!$C$3+'밸런스 조정'!$D$3*D13 -> 44 | G13: value | H13: Coin | I13: =ROUND('밸런스 조정'!$E$3+'밸런스 조정'!$F$3*(D13-1)+'밸런스 조정'!$C$69*MAX(0,D13-3)^2,0) -> 188 | J13: 기본 공격력 증가
B14: 1 | C14: ATT | D14: 12 | E14: 공격력 | F14: ='밸런스 조정'!$C$3+'밸런스 조정'!$D$3*D14 -> 48 | G14: value | H14: Coin | I14: =ROUND('밸런스 조정'!$E$3+'밸런스 조정'!$F$3*(D14-1)+'밸런스 조정'!$C$69*MAX(0,D14-3)^2,0) -> 227 | J14: 기본 공격력 증가
... B62: 1 | C62: ATT | D62: 60 | E62: 공격력 | F62: ='밸런스 조정'!$C$3+'밸런스 조정'!$D$3*D62 -> 240 | G62: value | H62: Coin | I62: =ROUND('밸런스 조정'!$E$3+'밸런스 조정'!$F$3*(D62-1)+'밸런스 조정'!$C$69*MAX(0,D62-3)^2,0) -> 6803 | J62: 기본 공격력 증가
B63: 2 | C63: HP | D63: 1 | E63: 체력 | F63: ='밸런스 조정'!$C$4+'밸런스 조정'!$D$4*D63+'밸런스 조정'!$C$66*D63*(D63-1) -> 20 | G63: value | H63: Coin | I63: =ROUND('밸런스 조정'!$E$4+'밸런스 조정'!$F$4*(D63-1)+'밸런스 조정'!$C$69*MAX(0,D63-3)^2,0) -> 10 | J63: 최대 체력 증가
B64: 2 | C64: HP | D64: 2 | E64: 체력 | F64: ='밸런스 조정'!$C$4+'밸런스 조정'!$D$4*D64+'밸런스 조정'!$C$66*D64*(D64-1) -> 50 | G64: value | H64: Coin | I64: =ROUND('밸런스 조정'!$E$4+'밸런스 조정'!$F$4*(D64-1)+'밸런스 조정'!$C$69*MAX(0,D64-3)^2,0) -> 15 | J64: 최대 체력 증가
B65: 2 | C65: HP | D65: 3 | E65: 체력 | F65: ='밸런스 조정'!$C$4+'밸런스 조정'!$D$4*D65+'밸런스 조정'!$C$66*D65*(D65-1) -> 90 | G65: value | H65: Coin | I65: =ROUND('밸런스 조정'!$E$4+'밸런스 조정'!$F$4*(D65-1)+'밸런스 조정'!$C$69*MAX(0,D65-3)^2,0) -> 20 | J65: 최대 체력 증가
B66: 2 | C66: HP | D66: 4 | E66: 체력 | F66: ='밸런스 조정'!$C$4+'밸런스 조정'!$D$4*D66+'밸런스 조정'!$C$66*D66*(D66-1) -> 140 | G66: value | H66: Coin | I66: =ROUND('밸런스 조정'!$E$4+'밸런스 조정'!$F$4*(D66-1)+'밸런스 조정'!$C$69*MAX(0,D66-3)^2,0) -> 27 | J66: 최대 체력 증가
B67: 2 | C67: HP | D67: 5 | E67: 체력 | F67: ='밸런스 조정'!$C$4+'밸런스 조정'!$D$4*D67+'밸런스 조정'!$C$66*D67*(D67-1) -> 200 | G67: value | H67: Coin | I67: =ROUND('밸런스 조정'!$E$4+'밸런스 조정'!$F$4*(D67-1)+'밸런스 조정'!$C$69*MAX(0,D67-3)^2,0) -> 38 | J67: 최대 체력 증가
B68: 2 | C68: HP | D68: 6 | E68: 체력 | F68: ='밸런스 조정'!$C$4+'밸런스 조정'!$D$4*D68+'밸런스 조정'!$C$66*D68*(D68-1) -> 270 | G68: value | H68: Coin | I68: =ROUND('밸런스 조정'!$E$4+'밸런스 조정'!$F$4*(D68-1)+'밸런스 조정'!$C$69*MAX(0,D68-3)^2,0) -> 53 | J68: 최대 체력 증가
B69: 2 | C69: HP | D69: 7 | E69: 체력 | F69: ='밸런스 조정'!$C$4+'밸런스 조정'!$D$4*D69+'밸런스 조정'!$C$66*D69*(D69-1) -> 350 | G69: value | H69: Coin | I69: =ROUND('밸런스 조정'!$E$4+'밸런스 조정'!$F$4*(D69-1)+'밸런스 조정'!$C$69*MAX(0,D69-3)^2,0) -> 72 | J69: 최대 체력 증가
B70: 2 | C70: HP | D70: 8 | E70: 체력 | F70: ='밸런스 조정'!$C$4+'밸런스 조정'!$D$4*D70+'밸런스 조정'!$C$66*D70*(D70-1) -> 440 | G70: value | H70: Coin | I70: =ROUND('밸런스 조정'!$E$4+'밸런스 조정'!$F$4*(D70-1)+'밸런스 조정'!$C$69*MAX(0,D70-3)^2,0) -> 95 | J70: 최대 체력 증가
B71: 2 | C71: HP | D71: 9 | E71: 체력 | F71: ='밸런스 조정'!$C$4+'밸런스 조정'!$D$4*D71+'밸런스 조정'!$C$66*D71*(D71-1) -> 540 | G71: value | H71: Coin | I71: =ROUND('밸런스 조정'!$E$4+'밸런스 조정'!$F$4*(D71-1)+'밸런스 조정'!$C$69*MAX(0,D71-3)^2,0) -> 122 | J71: 최대 체력 증가
B72: 2 | C72: HP | D72: 10 | E72: 체력 | F72: ='밸런스 조정'!$C$4+'밸런스 조정'!$D$4*D72+'밸런스 조정'!$C$66*D72*(D72-1) -> 650 | G72: value | H72: Coin | I72: =ROUND('밸런스 조정'!$E$4+'밸런스 조정'!$F$4*(D72-1)+'밸런스 조정'!$C$69*MAX(0,D72-3)^2,0) -> 153 | J72: 최대 체력 증가
B73: 2 | C73: HP | D73: 11 | E73: 체력 | F73: ='밸런스 조정'!$C$4+'밸런스 조정'!$D$4*D73+'밸런스 조정'!$C$66*D73*(D73-1) -> 770 | G73: value | H73: Coin | I73: =ROUND('밸런스 조정'!$E$4+'밸런스 조정'!$F$4*(D73-1)+'밸런스 조정'!$C$69*MAX(0,D73-3)^2,0) -> 188 | J73: 최대 체력 증가
B74: 2 | C74: HP | D74: 12 | E74: 체력 | F74: ='밸런스 조정'!$C$4+'밸런스 조정'!$D$4*D74+'밸런스 조정'!$C$66*D74*(D74-1) -> 900 | G74: value | H74: Coin | I74: =ROUND('밸런스 조정'!$E$4+'밸런스 조정'!$F$4*(D74-1)+'밸런스 조정'!$C$69*MAX(0,D74-3)^2,0) -> 227 | J74: 최대 체력 증가
... B122: 2 | C122: HP | D122: 60 | E122: 체력 | F122: ='밸런스 조정'!$C$4+'밸런스 조정'!$D$4*D122+'밸런스 조정'!$C$66*D122*(D122-1) -> 18900 | G122: value | H122: Coin | I122: =ROUND('밸런스 조정'!$E$4+'밸런스 조정'!$F$4*(D122-1)+'밸런스 조정'!$C$69*MAX(0,D122-3)^2,0) -> 6803 | J122: 최대 체력 증가
B123: 3 | C123: ATT_SPEED | D123: 1 | E123: 공속 | F123: ='밸런스 조정'!$C$5+'밸런스 조정'!$D$5*D123 -> 5 | G123: percent | H123: Coin | I123: =ROUND('밸런스 조정'!$E$5+'밸런스 조정'!$F$5*(D123-1),0) -> 45 | J123: 공격 속도 증가
B124: 3 | C124: ATT_SPEED | D124: 2 | E124: 공속 | F124: ='밸런스 조정'!$C$5+'밸런스 조정'!$D$5*D124 -> 10 | G124: percent | H124: Coin | I124: =ROUND('밸런스 조정'!$E$5+'밸런스 조정'!$F$5*(D124-1),0) -> 65 | J124: 공격 속도 증가
B125: 3 | C125: ATT_SPEED | D125: 3 | E125: 공속 | F125: ='밸런스 조정'!$C$5+'밸런스 조정'!$D$5*D125 -> 15 | G125: percent | H125: Coin | I125: =ROUND('밸런스 조정'!$E$5+'밸런스 조정'!$F$5*(D125-1),0) -> 85 | J125: 공격 속도 증가
B126: 3 | C126: ATT_SPEED | D126: 4 | E126: 공속 | F126: ='밸런스 조정'!$C$5+'밸런스 조정'!$D$5*D126 -> 20 | G126: percent | H126: Coin | I126: =ROUND('밸런스 조정'!$E$5+'밸런스 조정'!$F$5*(D126-1),0) -> 105 | J126: 공격 속도 증가
B127: 3 | C127: ATT_SPEED | D127: 5 | E127: 공속 | F127: ='밸런스 조정'!$C$5+'밸런스 조정'!$D$5*D127 -> 25 | G127: percent | H127: Coin | I127: =ROUND('밸런스 조정'!$E$5+'밸런스 조정'!$F$5*(D127-1),0) -> 125 | J127: 공격 속도 증가
B128: 3 | C128: ATT_SPEED | D128: 6 | E128: 공속 | F128: ='밸런스 조정'!$C$5+'밸런스 조정'!$D$5*D128 -> 30 | G128: percent | H128: Coin | I128: =ROUND('밸런스 조정'!$E$5+'밸런스 조정'!$F$5*(D128-1),0) -> 145 | J128: 공격 속도 증가
B129: 3 | C129: ATT_SPEED | D129: 7 | E129: 공속 | F129: ='밸런스 조정'!$C$5+'밸런스 조정'!$D$5*D129 -> 35 | G129: percent | H129: Coin | I129: =ROUND('밸런스 조정'!$E$5+'밸런스 조정'!$F$5*(D129-1),0) -> 165 | J129: 공격 속도 증가
B130: 3 | C130: ATT_SPEED | D130: 8 | E130: 공속 | F130: ='밸런스 조정'!$C$5+'밸런스 조정'!$D$5*D130 -> 40 | G130: percent | H130: Coin | I130: =ROUND('밸런스 조정'!$E$5+'밸런스 조정'!$F$5*(D130-1),0) -> 185 | J130: 공격 속도 증가
B131: 3 | C131: ATT_SPEED | D131: 9 | E131: 공속 | F131: ='밸런스 조정'!$C$5+'밸런스 조정'!$D$5*D131 -> 45 | G131: percent | H131: Coin | I131: =ROUND('밸런스 조정'!$E$5+'밸런스 조정'!$F$5*(D131-1),0) -> 205 | J131: 공격 속도 증가
B132: 3 | C132: ATT_SPEED | D132: 10 | E132: 공속 | F132: ='밸런스 조정'!$C$5+'밸런스 조정'!$D$5*D132 -> 50 | G132: percent | H132: Coin | I132: =ROUND('밸런스 조정'!$E$5+'밸런스 조정'!$F$5*(D132-1),0) -> 225 | J132: 공격 속도 증가
B133: 3 | C133: ATT_SPEED | D133: 11 | E133: 공속 | F133: ='밸런스 조정'!$C$5+'밸런스 조정'!$D$5*D133 -> 55 | G133: percent | H133: Coin | I133: =ROUND('밸런스 조정'!$E$5+'밸런스 조정'!$F$5*(D133-1),0) -> 245 | J133: 공격 속도 증가
B134: 3 | C134: ATT_SPEED | D134: 12 | E134: 공속 | F134: ='밸런스 조정'!$C$5+'밸런스 조정'!$D$5*D134 -> 60 | G134: percent | H134: Coin | I134: =ROUND('밸런스 조정'!$E$5+'밸런스 조정'!$F$5*(D134-1),0) -> 265 | J134: 공격 속도 증가
... B152: 3 | C152: ATT_SPEED | D152: 30 | E152: 공속 | F152: ='밸런스 조정'!$C$5+'밸런스 조정'!$D$5*D152 -> 150 | G152: percent | H152: Coin | I152: =ROUND('밸런스 조정'!$E$5+'밸런스 조정'!$F$5*(D152-1),0) -> 625 | J152: 공격 속도 증가
B153: 4 | C153: PROJECTILE_SPEED | D153: 1 | E153: 미사일 지속 시간 | F153: ='밸런스 조정'!$C$6+'밸런스 조정'!$D$6*D153 -> 4 | G153: percent | H153: Coin | I153: =ROUND('밸런스 조정'!$E$6+'밸런스 조정'!$F$6*(D153-1),0) -> 40 | J153: 미사일 지속 시간 증가
B154: 4 | C154: PROJECTILE_SPEED | D154: 2 | E154: 미사일 지속 시간 | F154: ='밸런스 조정'!$C$6+'밸런스 조정'!$D$6*D154 -> 8 | G154: percent | H154: Coin | I154: =ROUND('밸런스 조정'!$E$6+'밸런스 조정'!$F$6*(D154-1),0) -> 56 | J154: 미사일 지속 시간 증가
B155: 4 | C155: PROJECTILE_SPEED | D155: 3 | E155: 미사일 지속 시간 | F155: ='밸런스 조정'!$C$6+'밸런스 조정'!$D$6*D155 -> 12 | G155: percent | H155: Coin | I155: =ROUND('밸런스 조정'!$E$6+'밸런스 조정'!$F$6*(D155-1),0) -> 72 | J155: 미사일 지속 시간 증가
B156: 4 | C156: PROJECTILE_SPEED | D156: 4 | E156: 미사일 지속 시간 | F156: ='밸런스 조정'!$C$6+'밸런스 조정'!$D$6*D156 -> 16 | G156: percent | H156: Coin | I156: =ROUND('밸런스 조정'!$E$6+'밸런스 조정'!$F$6*(D156-1),0) -> 88 | J156: 미사일 지속 시간 증가
B157: 4 | C157: PROJECTILE_SPEED | D157: 5 | E157: 미사일 지속 시간 | F157: ='밸런스 조정'!$C$6+'밸런스 조정'!$D$6*D157 -> 20 | G157: percent | H157: Coin | I157: =ROUND('밸런스 조정'!$E$6+'밸런스 조정'!$F$6*(D157-1),0) -> 104 | J157: 미사일 지속 시간 증가
B158: 4 | C158: PROJECTILE_SPEED | D158: 6 | E158: 미사일 지속 시간 | F158: ='밸런스 조정'!$C$6+'밸런스 조정'!$D$6*D158 -> 24 | G158: percent | H158: Coin | I158: =ROUND('밸런스 조정'!$E$6+'밸런스 조정'!$F$6*(D158-1),0) -> 120 | J158: 미사일 지속 시간 증가
B159: 4 | C159: PROJECTILE_SPEED | D159: 7 | E159: 미사일 지속 시간 | F159: ='밸런스 조정'!$C$6+'밸런스 조정'!$D$6*D159 -> 28 | G159: percent | H159: Coin | I159: =ROUND('밸런스 조정'!$E$6+'밸런스 조정'!$F$6*(D159-1),0) -> 136 | J159: 미사일 지속 시간 증가
B160: 4 | C160: PROJECTILE_SPEED | D160: 8 | E160: 미사일 지속 시간 | F160: ='밸런스 조정'!$C$6+'밸런스 조정'!$D$6*D160 -> 32 | G160: percent | H160: Coin | I160: =ROUND('밸런스 조정'!$E$6+'밸런스 조정'!$F$6*(D160-1),0) -> 152 | J160: 미사일 지속 시간 증가
B161: 4 | C161: PROJECTILE_SPEED | D161: 9 | E161: 미사일 지속 시간 | F161: ='밸런스 조정'!$C$6+'밸런스 조정'!$D$6*D161 -> 36 | G161: percent | H161: Coin | I161: =ROUND('밸런스 조정'!$E$6+'밸런스 조정'!$F$6*(D161-1),0) -> 168 | J161: 미사일 지속 시간 증가
B162: 4 | C162: PROJECTILE_SPEED | D162: 10 | E162: 미사일 지속 시간 | F162: ='밸런스 조정'!$C$6+'밸런스 조정'!$D$6*D162 -> 40 | G162: percent | H162: Coin | I162: =ROUND('밸런스 조정'!$E$6+'밸런스 조정'!$F$6*(D162-1),0) -> 184 | J162: 미사일 지속 시간 증가
B163: 4 | C163: PROJECTILE_SPEED | D163: 11 | E163: 미사일 지속 시간 | F163: ='밸런스 조정'!$C$6+'밸런스 조정'!$D$6*D163 -> 44 | G163: percent | H163: Coin | I163: =ROUND('밸런스 조정'!$E$6+'밸런스 조정'!$F$6*(D163-1),0) -> 200 | J163: 미사일 지속 시간 증가
B164: 4 | C164: PROJECTILE_SPEED | D164: 12 | E164: 미사일 지속 시간 | F164: ='밸런스 조정'!$C$6+'밸런스 조정'!$D$6*D164 -> 48 | G164: percent | H164: Coin | I164: =ROUND('밸런스 조정'!$E$6+'밸런스 조정'!$F$6*(D164-1),0) -> 216 | J164: 미사일 지속 시간 증가
... B182: 4 | C182: PROJECTILE_SPEED | D182: 30 | E182: 미사일 지속 시간 | F182: ='밸런스 조정'!$C$6+'밸런스 조정'!$D$6*D182 -> 120 | G182: percent | H182: Coin | I182: =ROUND('밸런스 조정'!$E$6+'밸런스 조정'!$F$6*(D182-1),0) -> 504 | J182: 미사일 지속 시간 증가
B183: 5 | C183: BOSS_DAMAGE | D183: 1 | E183: 보스 데미지 | F183: ='밸런스 조정'!$C$7+'밸런스 조정'!$D$7*D183 -> 8 | G183: percent | H183: Coin | I183: =ROUND('밸런스 조정'!$E$7+'밸런스 조정'!$F$7*(D183-1),0) -> 60 | J183: 보스에게 주는 피해 증가
B184: 5 | C184: BOSS_DAMAGE | D184: 2 | E184: 보스 데미지 | F184: ='밸런스 조정'!$C$7+'밸런스 조정'!$D$7*D184 -> 16 | G184: percent | H184: Coin | I184: =ROUND('밸런스 조정'!$E$7+'밸런스 조정'!$F$7*(D184-1),0) -> 85 | J184: 보스에게 주는 피해 증가
B185: 5 | C185: BOSS_DAMAGE | D185: 3 | E185: 보스 데미지 | F185: ='밸런스 조정'!$C$7+'밸런스 조정'!$D$7*D185 -> 24 | G185: percent | H185: Coin | I185: =ROUND('밸런스 조정'!$E$7+'밸런스 조정'!$F$7*(D185-1),0) -> 110 | J185: 보스에게 주는 피해 증가
B186: 5 | C186: BOSS_DAMAGE | D186: 4 | E186: 보스 데미지 | F186: ='밸런스 조정'!$C$7+'밸런스 조정'!$D$7*D186 -> 32 | G186: percent | H186: Coin | I186: =ROUND('밸런스 조정'!$E$7+'밸런스 조정'!$F$7*(D186-1),0) -> 135 | J186: 보스에게 주는 피해 증가
B187: 5 | C187: BOSS_DAMAGE | D187: 5 | E187: 보스 데미지 | F187: ='밸런스 조정'!$C$7+'밸런스 조정'!$D$7*D187 -> 40 | G187: percent | H187: Coin | I187: =ROUND('밸런스 조정'!$E$7+'밸런스 조정'!$F$7*(D187-1),0) -> 160 | J187: 보스에게 주는 피해 증가
B188: 5 | C188: BOSS_DAMAGE | D188: 6 | E188: 보스 데미지 | F188: ='밸런스 조정'!$C$7+'밸런스 조정'!$D$7*D188 -> 48 | G188: percent | H188: Coin | I188: =ROUND('밸런스 조정'!$E$7+'밸런스 조정'!$F$7*(D188-1),0) -> 185 | J188: 보스에게 주는 피해 증가
B189: 5 | C189: BOSS_DAMAGE | D189: 7 | E189: 보스 데미지 | F189: ='밸런스 조정'!$C$7+'밸런스 조정'!$D$7*D189 -> 56 | G189: percent | H189: Coin | I189: =ROUND('밸런스 조정'!$E$7+'밸런스 조정'!$F$7*(D189-1),0) -> 210 | J189: 보스에게 주는 피해 증가
B190: 5 | C190: BOSS_DAMAGE | D190: 8 | E190: 보스 데미지 | F190: ='밸런스 조정'!$C$7+'밸런스 조정'!$D$7*D190 -> 64 | G190: percent | H190: Coin | I190: =ROUND('밸런스 조정'!$E$7+'밸런스 조정'!$F$7*(D190-1),0) -> 235 | J190: 보스에게 주는 피해 증가
B191: 5 | C191: BOSS_DAMAGE | D191: 9 | E191: 보스 데미지 | F191: ='밸런스 조정'!$C$7+'밸런스 조정'!$D$7*D191 -> 72 | G191: percent | H191: Coin | I191: =ROUND('밸런스 조정'!$E$7+'밸런스 조정'!$F$7*(D191-1),0) -> 260 | J191: 보스에게 주는 피해 증가
B192: 5 | C192: BOSS_DAMAGE | D192: 10 | E192: 보스 데미지 | F192: ='밸런스 조정'!$C$7+'밸런스 조정'!$D$7*D192 -> 80 | G192: percent | H192: Coin | I192: =ROUND('밸런스 조정'!$E$7+'밸런스 조정'!$F$7*(D192-1),0) -> 285 | J192: 보스에게 주는 피해 증가
B193: 5 | C193: BOSS_DAMAGE | D193: 11 | E193: 보스 데미지 | F193: ='밸런스 조정'!$C$7+'밸런스 조정'!$D$7*D193 -> 88 | G193: percent | H193: Coin | I193: =ROUND('밸런스 조정'!$E$7+'밸런스 조정'!$F$7*(D193-1),0) -> 310 | J193: 보스에게 주는 피해 증가
B194: 5 | C194: BOSS_DAMAGE | D194: 12 | E194: 보스 데미지 | F194: ='밸런스 조정'!$C$7+'밸런스 조정'!$D$7*D194 -> 96 | G194: percent | H194: Coin | I194: =ROUND('밸런스 조정'!$E$7+'밸런스 조정'!$F$7*(D194-1),0) -> 335 | J194: 보스에게 주는 피해 증가
... B212: 5 | C212: BOSS_DAMAGE | D212: 30 | E212: 보스 데미지 | F212: ='밸런스 조정'!$C$7+'밸런스 조정'!$D$7*D212 -> 240 | G212: percent | H212: Coin | I212: =ROUND('밸런스 조정'!$E$7+'밸런스 조정'!$F$7*(D212-1),0) -> 785 | J212: 보스에게 주는 피해 증가
B213: 6 | C213: COIN_BONUS | D213: 1 | E213: 코인 보너스 | F213: ='밸런스 조정'!$C$8+'밸런스 조정'!$D$8*D213 -> 8 | G213: percent | H213: Coin | I213: =ROUND('밸런스 조정'!$E$8+'밸런스 조정'!$F$8*(D213-1),0) -> 70 | J213: 획득 코인 증가
B214: 6 | C214: COIN_BONUS | D214: 2 | E214: 코인 보너스 | F214: ='밸런스 조정'!$C$8+'밸런스 조정'!$D$8*D214 -> 16 | G214: percent | H214: Coin | I214: =ROUND('밸런스 조정'!$E$8+'밸런스 조정'!$F$8*(D214-1),0) -> 105 | J214: 획득 코인 증가
B215: 6 | C215: COIN_BONUS | D215: 3 | E215: 코인 보너스 | F215: ='밸런스 조정'!$C$8+'밸런스 조정'!$D$8*D215 -> 24 | G215: percent | H215: Coin | I215: =ROUND('밸런스 조정'!$E$8+'밸런스 조정'!$F$8*(D215-1),0) -> 140 | J215: 획득 코인 증가
B216: 6 | C216: COIN_BONUS | D216: 4 | E216: 코인 보너스 | F216: ='밸런스 조정'!$C$8+'밸런스 조정'!$D$8*D216 -> 32 | G216: percent | H216: Coin | I216: =ROUND('밸런스 조정'!$E$8+'밸런스 조정'!$F$8*(D216-1),0) -> 175 | J216: 획득 코인 증가
B217: 6 | C217: COIN_BONUS | D217: 5 | E217: 코인 보너스 | F217: ='밸런스 조정'!$C$8+'밸런스 조정'!$D$8*D217 -> 40 | G217: percent | H217: Coin | I217: =ROUND('밸런스 조정'!$E$8+'밸런스 조정'!$F$8*(D217-1),0) -> 210 | J217: 획득 코인 증가
B218: 6 | C218: COIN_BONUS | D218: 6 | E218: 코인 보너스 | F218: ='밸런스 조정'!$C$8+'밸런스 조정'!$D$8*D218 -> 48 | G218: percent | H218: Coin | I218: =ROUND('밸런스 조정'!$E$8+'밸런스 조정'!$F$8*(D218-1),0) -> 245 | J218: 획득 코인 증가
B219: 6 | C219: COIN_BONUS | D219: 7 | E219: 코인 보너스 | F219: ='밸런스 조정'!$C$8+'밸런스 조정'!$D$8*D219 -> 56 | G219: percent | H219: Coin | I219: =ROUND('밸런스 조정'!$E$8+'밸런스 조정'!$F$8*(D219-1),0) -> 280 | J219: 획득 코인 증가
B220: 6 | C220: COIN_BONUS | D220: 8 | E220: 코인 보너스 | F220: ='밸런스 조정'!$C$8+'밸런스 조정'!$D$8*D220 -> 64 | G220: percent | H220: Coin | I220: =ROUND('밸런스 조정'!$E$8+'밸런스 조정'!$F$8*(D220-1),0) -> 315 | J220: 획득 코인 증가
B221: 6 | C221: COIN_BONUS | D221: 9 | E221: 코인 보너스 | F221: ='밸런스 조정'!$C$8+'밸런스 조정'!$D$8*D221 -> 72 | G221: percent | H221: Coin | I221: =ROUND('밸런스 조정'!$E$8+'밸런스 조정'!$F$8*(D221-1),0) -> 350 | J221: 획득 코인 증가
B222: 6 | C222: COIN_BONUS | D222: 10 | E222: 코인 보너스 | F222: ='밸런스 조정'!$C$8+'밸런스 조정'!$D$8*D222 -> 80 | G222: percent | H222: Coin | I222: =ROUND('밸런스 조정'!$E$8+'밸런스 조정'!$F$8*(D222-1),0) -> 385 | J222: 획득 코인 증가
B223: 6 | C223: COIN_BONUS | D223: 11 | E223: 코인 보너스 | F223: ='밸런스 조정'!$C$8+'밸런스 조정'!$D$8*D223 -> 88 | G223: percent | H223: Coin | I223: =ROUND('밸런스 조정'!$E$8+'밸런스 조정'!$F$8*(D223-1),0) -> 420 | J223: 획득 코인 증가
B224: 6 | C224: COIN_BONUS | D224: 12 | E224: 코인 보너스 | F224: ='밸런스 조정'!$C$8+'밸런스 조정'!$D$8*D224 -> 96 | G224: percent | H224: Coin | I224: =ROUND('밸런스 조정'!$E$8+'밸런스 조정'!$F$8*(D224-1),0) -> 455 | J224: 획득 코인 증가
... B242: 6 | C242: COIN_BONUS | D242: 30 | E242: 코인 보너스 | F242: ='밸런스 조정'!$C$8+'밸런스 조정'!$D$8*D242 -> 240 | G242: percent | H242: Coin | I242: =ROUND('밸런스 조정'!$E$8+'밸런스 조정'!$F$8*(D242-1),0) -> 1085 | J242: 획득 코인 증가
B243: 7 | C243: HP_REGEN | D243: 1 | E243: 체력 회복 | F243: ='밸런스 조정'!$C$9+'밸런스 조정'!$D$9*D243+'밸런스 조정'!$C$94*D243*(D243-1) -> 0.1 | G243: value | H243: Coin | I243: =ROUND('밸런스 조정'!$E$9+'밸런스 조정'!$F$9*(D243-1),0) -> 80 | J243: 초당 체력 회복
B244: 7 | C244: HP_REGEN | D244: 2 | E244: 체력 회복 | F244: ='밸런스 조정'!$C$9+'밸런스 조정'!$D$9*D244+'밸런스 조정'!$C$94*D244*(D244-1) -> 0.24 | G244: value | H244: Coin | I244: =ROUND('밸런스 조정'!$E$9+'밸런스 조정'!$F$9*(D244-1),0) -> 115 | J244: 초당 체력 회복
B245: 7 | C245: HP_REGEN | D245: 3 | E245: 체력 회복 | F245: ='밸런스 조정'!$C$9+'밸런스 조정'!$D$9*D245+'밸런스 조정'!$C$94*D245*(D245-1) -> 0.42 | G245: value | H245: Coin | I245: =ROUND('밸런스 조정'!$E$9+'밸런스 조정'!$F$9*(D245-1),0) -> 150 | J245: 초당 체력 회복
B246: 7 | C246: HP_REGEN | D246: 4 | E246: 체력 회복 | F246: ='밸런스 조정'!$C$9+'밸런스 조정'!$D$9*D246+'밸런스 조정'!$C$94*D246*(D246-1) -> 0.64 | G246: value | H246: Coin | I246: =ROUND('밸런스 조정'!$E$9+'밸런스 조정'!$F$9*(D246-1),0) -> 185 | J246: 초당 체력 회복
B247: 7 | C247: HP_REGEN | D247: 5 | E247: 체력 회복 | F247: ='밸런스 조정'!$C$9+'밸런스 조정'!$D$9*D247+'밸런스 조정'!$C$94*D247*(D247-1) -> 0.9 | G247: value | H247: Coin | I247: =ROUND('밸런스 조정'!$E$9+'밸런스 조정'!$F$9*(D247-1),0) -> 220 | J247: 초당 체력 회복
B248: 7 | C248: HP_REGEN | D248: 6 | E248: 체력 회복 | F248: ='밸런스 조정'!$C$9+'밸런스 조정'!$D$9*D248+'밸런스 조정'!$C$94*D248*(D248-1) -> 1.2 | G248: value | H248: Coin | I248: =ROUND('밸런스 조정'!$E$9+'밸런스 조정'!$F$9*(D248-1),0) -> 255 | J248: 초당 체력 회복
B249: 7 | C249: HP_REGEN | D249: 7 | E249: 체력 회복 | F249: ='밸런스 조정'!$C$9+'밸런스 조정'!$D$9*D249+'밸런스 조정'!$C$94*D249*(D249-1) -> 1.54 | G249: value | H249: Coin | I249: =ROUND('밸런스 조정'!$E$9+'밸런스 조정'!$F$9*(D249-1),0) -> 290 | J249: 초당 체력 회복
B250: 7 | C250: HP_REGEN | D250: 8 | E250: 체력 회복 | F250: ='밸런스 조정'!$C$9+'밸런스 조정'!$D$9*D250+'밸런스 조정'!$C$94*D250*(D250-1) -> 1.92 | G250: value | H250: Coin | I250: =ROUND('밸런스 조정'!$E$9+'밸런스 조정'!$F$9*(D250-1),0) -> 325 | J250: 초당 체력 회복
B251: 7 | C251: HP_REGEN | D251: 9 | E251: 체력 회복 | F251: ='밸런스 조정'!$C$9+'밸런스 조정'!$D$9*D251+'밸런스 조정'!$C$94*D251*(D251-1) -> 2.34 | G251: value | H251: Coin | I251: =ROUND('밸런스 조정'!$E$9+'밸런스 조정'!$F$9*(D251-1),0) -> 360 | J251: 초당 체력 회복
B252: 7 | C252: HP_REGEN | D252: 10 | E252: 체력 회복 | F252: ='밸런스 조정'!$C$9+'밸런스 조정'!$D$9*D252+'밸런스 조정'!$C$94*D252*(D252-1) -> 2.8 | G252: value | H252: Coin | I252: =ROUND('밸런스 조정'!$E$9+'밸런스 조정'!$F$9*(D252-1),0) -> 395 | J252: 초당 체력 회복
B253: 7 | C253: HP_REGEN | D253: 11 | E253: 체력 회복 | F253: ='밸런스 조정'!$C$9+'밸런스 조정'!$D$9*D253+'밸런스 조정'!$C$94*D253*(D253-1) -> 3.3 | G253: value | H253: Coin | I253: =ROUND('밸런스 조정'!$E$9+'밸런스 조정'!$F$9*(D253-1),0) -> 430 | J253: 초당 체력 회복
B254: 7 | C254: HP_REGEN | D254: 12 | E254: 체력 회복 | F254: ='밸런스 조정'!$C$9+'밸런스 조정'!$D$9*D254+'밸런스 조정'!$C$94*D254*(D254-1) -> 3.84 | G254: value | H254: Coin | I254: =ROUND('밸런스 조정'!$E$9+'밸런스 조정'!$F$9*(D254-1),0) -> 465 | J254: 초당 체력 회복
... B262: 7 | C262: HP_REGEN | D262: 20 | E262: 체력 회복 | F262: ='밸런스 조정'!$C$9+'밸런스 조정'!$D$9*D262+'밸런스 조정'!$C$94*D262*(D262-1) -> 9.6 | G262: value | H262: Coin | I262: =ROUND('밸런스 조정'!$E$9+'밸런스 조정'!$F$9*(D262-1),0) -> 745 | J262: 초당 체력 회복
B263: 8 | C263: TUNGTUNGTUNG | D263: 1 | E263: 퉁퉁퉁 사후르 | F263: ='밸런스 조정'!$C$10+'밸런스 조정'!$D$10*D263 -> 100 | G263: percent | H263: Coin | I263: =ROUND('밸런스 조정'!$E$10+'밸런스 조정'!$F$10*(D263-1),0) -> 450 | J263: 퉁퉁퉁 한 명 · 플레이어 체력 비율
B264: 8 | C264: TUNGTUNGTUNG | D264: 2 | E264: 퉁퉁퉁 사후르 | F264: ='밸런스 조정'!$C$10+'밸런스 조정'!$D$10*D264 -> 105 | G264: percent | H264: Coin | I264: =ROUND('밸런스 조정'!$E$10+'밸런스 조정'!$F$10*(D264-1),0) -> 570 | J264: 퉁퉁퉁 한 명 · 플레이어 체력 비율
B265: 8 | C265: TUNGTUNGTUNG | D265: 3 | E265: 퉁퉁퉁 사후르 | F265: ='밸런스 조정'!$C$10+'밸런스 조정'!$D$10*D265 -> 110 | G265: percent | H265: Coin | I265: =ROUND('밸런스 조정'!$E$10+'밸런스 조정'!$F$10*(D265-1),0) -> 690 | J265: 퉁퉁퉁 한 명 · 플레이어 체력 비율
B266: 8 | C266: TUNGTUNGTUNG | D266: 4 | E266: 퉁퉁퉁 사후르 | F266: ='밸런스 조정'!$C$10+'밸런스 조정'!$D$10*D266 -> 115 | G266: percent | H266: Coin | I266: =ROUND('밸런스 조정'!$E$10+'밸런스 조정'!$F$10*(D266-1),0) -> 810 | J266: 퉁퉁퉁 한 명 · 플레이어 체력 비율
B267: 8 | C267: TUNGTUNGTUNG | D267: 5 | E267: 퉁퉁퉁 사후르 | F267: ='밸런스 조정'!$C$10+'밸런스 조정'!$D$10*D267 -> 120 | G267: percent | H267: Coin | I267: =ROUND('밸런스 조정'!$E$10+'밸런스 조정'!$F$10*(D267-1),0) -> 930 | J267: 퉁퉁퉁 한 명 · 플레이어 체력 비율
B268: 8 | C268: TUNGTUNGTUNG | D268: 6 | E268: 퉁퉁퉁 사후르 | F268: ='밸런스 조정'!$C$10+'밸런스 조정'!$D$10*D268 -> 125 | G268: percent | H268: Coin | I268: =ROUND('밸런스 조정'!$E$10+'밸런스 조정'!$F$10*(D268-1),0) -> 1050 | J268: 퉁퉁퉁 한 명 · 플레이어 체력 비율
B269: 8 | C269: TUNGTUNGTUNG | D269: 7 | E269: 퉁퉁퉁 사후르 | F269: ='밸런스 조정'!$C$10+'밸런스 조정'!$D$10*D269 -> 130 | G269: percent | H269: Coin | I269: =ROUND('밸런스 조정'!$E$10+'밸런스 조정'!$F$10*(D269-1),0) -> 1170 | J269: 퉁퉁퉁 한 명 · 플레이어 체력 비율
B270: 8 | C270: TUNGTUNGTUNG | D270: 8 | E270: 퉁퉁퉁 사후르 | F270: ='밸런스 조정'!$C$10+'밸런스 조정'!$D$10*D270 -> 135 | G270: percent | H270: Coin | I270: =ROUND('밸런스 조정'!$E$10+'밸런스 조정'!$F$10*(D270-1),0) -> 1290 | J270: 퉁퉁퉁 한 명 · 플레이어 체력 비율
...

Sheet 스킨
B2: 식별 순서 | C2: 항목(이름) | D2: 가격 타입 | E2: 가격 수치 | F2: 항목 | G2: 보너스 타입 | H2: 보너스 값 타입 | I2: 보너스 수치
B3: 1 | C3: Original | D3: Coin
B4: 2 | C4: Pink | D4: Coin | E4: 5000 | F4: 보스 데미지 | G4: BOSS_DAMAGE | H4: Value | I4: 50
B5: 3 | C5: Zombie | D5: Coin | E5: 5000 | F5: 공격력 | G5: ATT | H5: Value | I5: 30
B6: 4 | C6: Ice | D6: Coin | E6: 5000 | F6: 공속 | G6: ATT_SPEED | H6: Percent | I6: 20
B7: 5 | C7: Wood | D7: Coin | E7: 5000 | F7: 체력 | G7: HP | H7: Value | I7: 50
B8: 6 | C8: Fire | D8: Jewel | E8: 1000 | F8: 보스 데미지 | G8: BOSS_DAMAGE | H8: Percent | I8: 50
B9: 7 | C9: Army | D9: Jewel | E9: 1000 | F9: 공격력 | G9: ATT | H9: Percent | I9: 30
B10: 8 | C10: Cyber | D10: Jewel | E10: 1500 | F10: 체력 회복 | G10: HP_REGEN | H10: Value | I10: 10
B11: 9 | C11: Christmas | D11: Jewel | E11: 1500 | F11: 코인 보너스 | G11: COIN_BONUS | H11: Percent | I11: 100

Sheet 보너스
B2: 식별 순번 | C2: 식별 Enum | D2: 레벨 | E2: 별칭 | F2: 이름 | G2: 항목 | H2: 수치 | I2: 수치 타입 | J2: 가격 타입 | K2: 가격 수치 | L2: 기타 설명 | M2: 최소 | N2: 최대
B3: 1 | C3: Normal | D3: 1 | E3: 날카로운 일격 | F3: 공격력 | G3: att | I3: value | M3: 12 | N3: 18
B4: 2 | C4: Normal | D4: 1 | E4: 전투 본능 | F4: 공격력 | G4: attPercent | I4: percent | M4: 10 | N4: 15
B5: 3 | C5: Normal | D5: 1 | E5: 속사 태세 | F5: 공속 | G5: attackSpeed | I5: percent | M5: 8 | N5: 14
B6: 4 | C6: Normal | D6: 1 | E6: 장거리 탄 | F6: 사거리 | G6: missileDistance | I6: percent | M6: 15 | N6: 23
B7: 5 | C7: Normal | D7: 1 | E7: 든든항 생명 | F7: 체력 | G7: hp | I7: value | L7: 최대 체력과 현재 체력을 함께 증가 | M7: 12 | N7: 20
B8: 6 | C8: Normal | D8: 1 | E8: 생존 본능 | F8: 체력 | G8: hpPercent | I8: percent | L8: 최대 체력과 현재 체력을 함께 증가 | M8: 10 | N8: 17
B9: 7 | C9: Rare | D9: 1 | E9: 지상 지원군 | F9: 퉁퉁퉁 | G9: tungtungAdd | I9: value | M9: 1 | N9: 1
B10: 8 | C10: Rare | D10: 1 | E10: 공중 지원군 | F10: 붐바르 | G10: boombarAdd | I10: value | M10: 1 | N10: 1
B11: 9 | C11: Unique | D11: 1 | E11: 다중 탄막 | F11: 미사일 | G11: missileAdd | I11: value | M11: 1 | N11: 1
B12: 10 | C12: Unique | D12: 1 | E12: 파멸의 일격 | F12: 공격력 | G12: att | I12: value | M12: 36 | N12: 54
B13: 11 | C13: Unique | D13: 1 | E13: 광전사의 힘 | F13: 공격력 | G13: attPercent | I13: percent | M13: =M4*3 -> 30 | N13: =M13*1.5 -> 45
B14: 12 | C14: Unique | D14: 1 | E14: 폭풍 속사 | F14: 공속 | G14: attackSpeed | I14: percent | M14: =M5*3 -> 24 | N14: =M14*1.5 -> 36
B15: 13 | C15: Unique | D15: 1 | E15: 초월 사격 | F15: 사거리 | G15: missileDistance | I15: percent | M15: =M6*3 -> 45 | N15: =ROUND(M15*1.5,0) -> 68
B16: 14 | C16: Unique | D16: 1 | E16: 불굴의 생명 | F16: 체력 | G16: hp | I16: value | L16: 최대 체력과 현재 체력을 함께 증가 | M16: =M7*3 -> 36 | N16: =M16*1.5 -> 54
B17: 15 | C17: Unique | D17: 1 | E17: 철벽의 생존 | F17: 체력 | G17: hpPercent | I17: percent | L17: 최대 체력과 현재 체력을 함께 증가 | M17: =M8*3 -> 30 | N17: =M17*1.5 -> 45

Sheet 몬스터
B2: 순번 | C2: 챕터 | D2: 스테이지 | E2: 티어 | F2: 공격력 | G2: 체력 | H2: 기타 설명
B3: 1 | C3: 1 | D3: 1 | E3: Normal | F3: 33 | G3: 55
B4: 2 | C4: 1 | D4: 1 | E4: Elite | F4: 55 | G4: =G3*2 -> 110
B5: 3 | C5: 1 | D5: 1 | E5: Boss | F5: 165 | G5: =ROUNDUP(G4*1.7,-1) -> 190
B6: 4 | C6: 1 | D6: 2 | E6: Normal | F6: 36 | G6: =G3+5 -> 60
B7: 5 | C7: 1 | D7: 2 | E7: Elite | F7: 60 | G7: =G6*2 -> 120
B8: 6 | C8: 1 | D8: 2 | E8: Boss | F8: 180 | G8: =ROUNDUP(G7*1.7,-1) -> 210
B9: 7 | C9: 1 | D9: 3 | E9: Normal | F9: 39 | G9: =G6+5 -> 65
B10: 8 | C10: 1 | D10: 3 | E10: Elite | F10: 65 | G10: =G9*2 -> 130
B11: 9 | C11: 1 | D11: 3 | E11: Boss | F11: 195 | G11: =ROUNDUP(G10*1.7,-1) -> 230
B12: 10 | C12: 1 | D12: 4 | E12: Normal | F12: 42 | G12: =G9+5 -> 70
B13: 11 | C13: 1 | D13: 4 | E13: Elite | F13: 70 | G13: =G12*2 -> 140
B14: 12 | C14: 1 | D14: 4 | E14: Boss | F14: 210 | G14: =ROUNDUP(G13*1.7,-1) -> 240
B15: 13 | C15: 1 | D15: 5 | E15: Normal | F15: 45 | G15: =G12+5 -> 75
B16: 14 | C16: 1 | D16: 5 | E16: Elite | F16: 75 | G16: =G15*2 -> 150
B17: 15 | C17: 1 | D17: 5 | E17: Boss | F17: 225 | G17: =ROUNDUP(G16*1.7,-1) -> 260
B18: 16 | C18: 1 | D18: 6 | E18: Normal | F18: 48 | G18: =G15+5 -> 80
B19: 17 | C19: 1 | D19: 6 | E19: Elite | F19: 80 | G19: =G18*2 -> 160
B20: 18 | C20: 1 | D20: 6 | E20: Boss | F20: 240 | G20: =ROUNDUP(G19*1.7,-1) -> 280
B21: 19 | C21: 1 | D21: 7 | E21: Normal | F21: 51 | G21: =G18+5 -> 85
B22: 20 | C22: 1 | D22: 7 | E22: Elite | F22: 85 | G22: =G21*2 -> 170
B23: 21 | C23: 1 | D23: 7 | E23: Boss | F23: 255 | G23: =ROUNDUP(G22*1.7,-1) -> 290
B24: 22 | C24: 1 | D24: 8 | E24: Normal | F24: 54 | G24: =G21+5 -> 90
B25: 23 | C25: 1 | D25: 8 | E25: Elite | F25: 90 | G25: =G24*2 -> 180
B26: 24 | C26: 1 | D26: 8 | E26: Boss | F26: 270 | G26: =ROUNDUP(G25*1.7,-1) -> 310
B27: 25 | C27: 1 | D27: 9 | E27: Normal | F27: 57 | G27: =G24+5 -> 95
B28: 26 | C28: 1 | D28: 9 | E28: Elite | F28: 95 | G28: =G27*2 -> 190
B29: 27 | C29: 1 | D29: 9 | E29: Boss | F29: 285 | G29: =ROUNDUP(G28*1.7,-1) -> 330
B30: 28 | C30: 1 | D30: 10 | E30: Normal | F30: 60 | G30: =G27+5 -> 100
B31: 29 | C31: 1 | D31: 10 | E31: Elite | F31: 100 | G31: =G30*2 -> 200
B32: 30 | C32: 1 | D32: 10 | E32: Boss | F32: 300 | G32: =ROUNDUP(G31*1.7,-1) -> 340
B33: 31 | C33: 2 | D33: 1 | E33: Normal | F33: 63 | G33: =G30+5 -> 105
B34: 32 | C34: 2 | D34: 1 | E34: Elite | F34: 105 | G34: =G33*2 -> 210
B35: 33 | C35: 2 | D35: 1 | E35: Boss | F35: 315 | G35: =ROUNDUP(G34*1.7,-1) -> 360
B36: 34 | C36: 2 | D36: 2 | E36: Normal | F36: 66 | G36: =G33+5 -> 110
B37: 35 | C37: 2 | D37: 2 | E37: Elite | F37: 110 | G37: =G36*2 -> 220
B38: 36 | C38: 2 | D38: 2 | E38: Boss | F38: 330 | G38: =ROUNDUP(G37*1.7,-1) -> 380
B39: 37 | C39: 2 | D39: 3 | E39: Normal | F39: 69 | G39: =G36+5 -> 115
B40: 38 | C40: 2 | D40: 3 | E40: Elite | F40: 115 | G40: =G39*2 -> 230
B41: 39 | C41: 2 | D41: 3 | E41: Boss | F41: 345 | G41: =ROUNDUP(G40*1.7,-1) -> 400
B42: 40 | C42: 2 | D42: 4 | E42: Normal | F42: 72 | G42: =G39+5 -> 120
B43: 41 | C43: 2 | D43: 4 | E43: Elite | F43: 120 | G43: =G42*2 -> 240
B44: 42 | C44: 2 | D44: 4 | E44: Boss | F44: 360 | G44: =ROUNDUP(G43*1.7,-1) -> 410
B45: 43 | C45: 2 | D45: 5 | E45: Normal | F45: 75 | G45: =G42+5 -> 125
B46: 44 | C46: 2 | D46: 5 | E46: Elite | F46: 125 | G46: =G45*2 -> 250
B47: 45 | C47: 2 | D47: 5 | E47: Boss | F47: 375 | G47: =ROUNDUP(G46*1.7,-1) -> 430
B48: 46 | C48: 2 | D48: 6 | E48: Normal | F48: 78 | G48: =G45+5 -> 130
B49: 47 | C49: 2 | D49: 6 | E49: Elite | F49: 130 | G49: =G48*2 -> 260
B50: 48 | C50: 2 | D50: 6 | E50: Boss | F50: 390 | G50: =ROUNDUP(G49*1.7,-1) -> 450
B51: 49 | C51: 2 | D51: 7 | E51: Normal | F51: 81 | G51: =G48+5 -> 135
B52: 50 | C52: 2 | D52: 7 | E52: Elite | F52: 135 | G52: =G51*2 -> 270
B53: 51 | C53: 2 | D53: 7 | E53: Boss | F53: 405 | G53: =ROUNDUP(G52*1.7,-1) -> 460
B54: 52 | C54: 2 | D54: 8 | E54: Normal | F54: 84 | G54: =G51+5 -> 140
B55: 53 | C55: 2 | D55: 8 | E55: Elite | F55: 140 | G55: =G54*2 -> 280
B56: 54 | C56: 2 | D56: 8 | E56: Boss | F56: 420 | G56: =ROUNDUP(G55*1.7,-1) -> 480
B57: 55 | C57: 2 | D57: 9 | E57: Normal | F57: 87 | G57: =G54+5 -> 145
B58: 56 | C58: 2 | D58: 9 | E58: Elite | F58: 145 | G58: =G57*2 -> 290
B59: 57 | C59: 2 | D59: 9 | E59: Boss | F59: 435 | G59: =ROUNDUP(G58*1.7,-1) -> 500
B60: 58 | C60: 2 | D60: 10 | E60: Normal | F60: 90 | G60: =G57+5 -> 150
B61: 59 | C61: 2 | D61: 10 | E61: Elite | F61: 150 | G61: =G60*2 -> 300
B62: 60 | C62: 2 | D62: 10 | E62: Boss | F62: 450 | G62: =ROUNDUP(G61*1.7,-1) -> 510
B63: 61 | C63: 3 | D63: 1 | E63: Normal | F63: 93 | G63: =G60+5 -> 155
B64: 62 | C64: 3 | D64: 1 | E64: Elite | F64: 155 | G64: =G63*2 -> 310
B65: 63 | C65: 3 | D65: 1 | E65: Boss | F65: 465 | G65: =ROUNDUP(G64*1.7,-1) -> 530
B66: 64 | C66: 3 | D66: 2 | E66: Normal | F66: 96 | G66: =G63+5 -> 160
B67: 65 | C67: 3 | D67: 2 | E67: Elite | F67: 160 | G67: =G66*2 -> 320
B68: 66 | C68: 3 | D68: 2 | E68: Boss | F68: 480 | G68: =ROUNDUP(G67*1.7,-1) -> 550
B69: 67 | C69: 3 | D69: 3 | E69: Normal | F69: 99 | G69: =G66+5 -> 165
B70: 68 | C70: 3 | D70: 3 | E70: Elite | F70: 165 | G70: =G69*2 -> 330
B71: 69 | C71: 3 | D71: 3 | E71: Boss | F71: 495 | G71: =ROUNDUP(G70*1.7,-1) -> 570
B72: 70 | C72: 3 | D72: 4 | E72: Normal | F72: 102 | G72: =G69+5 -> 170
B73: 71 | C73: 3 | D73: 4 | E73: Elite | F73: 170 | G73: =G72*2 -> 340
B74: 72 | C74: 3 | D74: 4 | E74: Boss | F74: 510 | G74: =ROUNDUP(G73*1.7,-1) -> 580
B75: 73 | C75: 3 | D75: 5 | E75: Normal | F75: 105 | G75: =G72+5 -> 175
B76: 74 | C76: 3 | D76: 5 | E76: Elite | F76: 175 | G76: =G75*2 -> 350
B77: 75 | C77: 3 | D77: 5 | E77: Boss | F77: 525 | G77: =ROUNDUP(G76*1.7,-1) -> 600
B78: 76 | C78: 3 | D78: 6 | E78: Normal | F78: 108 | G78: =G75+5 -> 180
B79: 77 | C79: 3 | D79: 6 | E79: Elite | F79: 180 | G79: =G78*2 -> 360
B80: 78 | C80: 3 | D80: 6 | E80: Boss | F80: 540 | G80: =ROUNDUP(G79*1.7,-1) -> 620
B81: 79 | C81: 3 | D81: 7 | E81: Normal | F81: 111 | G81: =G78+5 -> 185
B82: 80 | C82: 3 | D82: 7 | E82: Elite | F82: 185 | G82: =G81*2 -> 370
B83: 81 | C83: 3 | D83: 7 | E83: Boss | F83: 555 | G83: =ROUNDUP(G82*1.7,-1) -> 630
B84: 82 | C84: 3 | D84: 8 | E84: Normal | F84: 114 | G84: =G81+5 -> 190
B85: 83 | C85: 3 | D85: 8 | E85: Elite | F85: 190 | G85: =G84*2 -> 380
B86: 84 | C86: 3 | D86: 8 | E86: Boss | F86: 570 | G86: =ROUNDUP(G85*1.7,-1) -> 650
B87: 85 | C87: 3 | D87: 9 | E87: Normal | F87: 117 | G87: =G84+5 -> 195
B88: 86 | C88: 3 | D88: 9 | E88: Elite | F88: 195 | G88: =G87*2 -> 390
B89: 87 | C89: 3 | D89: 9 | E89: Boss | F89: 585 | G89: =ROUNDUP(G88*1.7,-1) -> 670
B90: 88 | C90: 3 | D90: 10 | E90: Normal | F90: 120 | G90: =G87+5 -> 200
B91: 89 | C91: 3 | D91: 10 | E91: Elite | F91: 200 | G91: =G90*2 -> 400
B92: 90 | C92: 3 | D92: 10 | E92: Boss | F92: 600 | G92: =ROUNDUP(G91*1.7,-1) -> 680
B93: 91 | C93: 4 | D93: 1 | E93: Normal | F93: 123 | G93: =G90+5 -> 205
B94: 92 | C94: 4 | D94: 1 | E94: Elite | F94: 205 | G94: =G93*2 -> 410
B95: 93 | C95: 4 | D95: 1 | E95: Boss | F95: 615 | G95: =ROUNDUP(G94*1.7,-1) -> 700
B96: 94 | C96: 4 | D96: 2 | E96: Normal | F96: 126 | G96: =G93+5 -> 210
B97: 95 | C97: 4 | D97: 2 | E97: Elite | F97: 210 | G97: =G96*2 -> 420
B98: 96 | C98: 4 | D98: 2 | E98: Boss | F98: 630 | G98: =ROUNDUP(G97*1.7,-1) -> 720
B99: 97 | C99: 4 | D99: 3 | E99: Normal | F99: 129 | G99: =G96+5 -> 215
B100: 98 | C100: 4 | D100: 3 | E100: Elite | F100: 215 | G100: =G99*2 -> 430
B101: 99 | C101: 4 | D101: 3 | E101: Boss | F101: 645 | G101: =ROUNDUP(G100*1.7,-1) -> 740
...

Sheet 패턴
B2: 순번 | C2: 챕터 | D2: 스테이지 | E2: 1패턴 | F2: 1난이도 | G2: 2패턴 | H2: 2난이도 | I2: 3패턴 | J2: 3난이도 | K2: 4패턴 | L2: 4난이도 | M2: 5패턴 | N2: 5난이도 | O2: 6패턴 | P2: 6난이도 | Q2: 기타설명
B3: 1 | C3: 1 | D3: 1 | E3: Oil | F3: Easy | G3: Hole | H3: Easy | I3: Oil | J3: Easy | Q3: 초반 튜토리얼: Hole/Oil/Bucket 학습
B4: 2 | C4: 1 | D4: 2 | E4: Hole | F4: Easy | G4: Oil | H4: Easy | I4: Hole | J4: Easy | Q4: 초반 튜토리얼: Hole/Oil/Bucket 학습
B5: 3 | C5: 1 | D5: 3 | E5: Oil | F5: Easy | G5: Hole | H5: Easy | I5: Oil | J5: Easy | Q5: 초반 튜토리얼: Hole/Oil/Bucket 학습
B6: 4 | C6: 1 | D6: 4 | E6: Hole | F6: Easy | G6: Oil | H6: Easy | I6: Bucket | J6: Easy | Q6: 초반 튜토리얼: Hole/Oil/Bucket 학습
B7: 5 | C7: 1 | D7: 5 | E7: Oil | F7: Easy | G7: Hole | H7: Easy | I7: Bucket | J7: Easy | Q7: 초반 튜토리얼: Hole/Oil/Bucket 학습
B8: 6 | C8: 1 | D8: 6 | E8: Hole | F8: Easy | G8: Oil | H8: Easy | I8: Bucket | J8: Easy | Q8: 초반 튜토리얼: Hole/Oil/Bucket 학습
B9: 7 | C9: 1 | D9: 7 | E9: Oil | F9: Easy | G9: Hole | H9: Easy | I9: Oil | J9: Easy | K9: Bucket | L9: Easy | Q9: 초반 튜토리얼: Hole/Oil/Bucket 학습
B10: 8 | C10: 1 | D10: 8 | E10: Hole | F10: Easy | G10: Oil | H10: Easy | I10: Hole | J10: Easy | K10: Bucket | L10: Normal | Q10: 초반 튜토리얼: Hole/Oil/Bucket 학습
B11: 9 | C11: 1 | D11: 9 | E11: Oil | F11: Easy | G11: Hole | H11: Easy | I11: Oil | J11: Easy | K11: Bucket | L11: Normal | Q11: 초반 튜토리얼: Hole/Oil/Bucket 학습
B12: 10 | C12: 1 | D12: 10 | E12: Hole | F12: Easy | G12: Oil | H12: Easy | I12: Hole | J12: Easy | K12: Bucket | L12: Normal | Q12: 초반 튜토리얼: Hole/Oil/Bucket 학습
B13: 11 | C13: 2 | D13: 1 | E13: Bucket | F13: Easy | G13: Hole | H13: Easy | I13: Oil | J13: Easy | K13: Bucket | L13: Easy | Q13: Light 도입
B14: 12 | C14: 2 | D14: 2 | E14: Hole | F14: Easy | G14: Oil | H14: Easy | I14: Bucket | J14: Easy | K14: Hole | L14: Easy | Q14: Light 도입
B15: 13 | C15: 2 | D15: 3 | E15: Oil | F15: Easy | G15: Bucket | H15: Easy | I15: Hole | J15: Easy | K15: Oil | L15: Easy | Q15: Light 도입
B16: 14 | C16: 2 | D16: 4 | E16: Bucket | F16: Easy | G16: Hole | H16: Easy | I16: Oil | J16: Easy | K16: Light | L16: Easy | Q16: Light 도입
B17: 15 | C17: 2 | D17: 5 | E17: Hole | F17: Easy | G17: Oil | H17: Easy | I17: Bucket | J17: Easy | K17: Light | L17: Easy | Q17: Light 도입
B18: 16 | C18: 2 | D18: 6 | E18: Oil | F18: Easy | G18: Bucket | H18: Easy | I18: Hole | J18: Easy | K18: Light | L18: Easy | Q18: Light 도입
B19: 17 | C19: 2 | D19: 7 | E19: Bucket | F19: Easy | G19: Hole | H19: Easy | I19: Oil | J19: Easy | K19: Light | L19: Easy | Q19: Light 도입
B20: 18 | C20: 2 | D20: 8 | E20: Hole | F20: Easy | G20: Oil | H20: Easy | I20: Bucket | J20: Easy | K20: Light | L20: Normal | Q20: Light 도입
... B26: 24 | C26: 3 | D26: 4 | E26: Hole | F26: Easy | G26: Bucket | H26: Easy | I26: Hole | J26: Easy | K26: Seagull | L26: Easy | Q26: Seagull 입문
B27: 25 | C27: 3 | D27: 5 | E27: Oil | F27: Easy | G27: Light | H27: Easy | I27: Oil | J27: Easy | K27: Light | L27: Easy | M27: Oil | N27: Easy | Q27: Seagull 입문
B28: 26 | C28: 3 | D28: 6 | E28: Bucket | F28: Easy | G28: Seagull | H28: Easy | I28: Bucket | J28: Easy | K28: Hole | L28: Normal | M28: Seagull | N28: Easy | Q28: Seagull 입문
B29: 27 | C29: 3 | D29: 7 | E29: Light | F29: Easy | G29: Oil | H29: Easy | I29: Light | J29: Easy | K29: Oil | L29: Normal | M29: Light | N29: Normal | Q29: Seagull 입문
B30: 28 | C30: 3 | D30: 8 | E30: Hole | F30: Easy | G30: Bucket | H30: Easy | I30: Hole | J30: Easy | K30: Bucket | L30: Normal | M30: Seagull | N30: Normal | Q30: Seagull 입문
B31: 29 | C31: 3 | D31: 9 | E31: Oil | F31: Easy | G31: Seagull | H31: Normal | I31: Oil | J31: Easy | K31: Light | L31: Normal | M31: Oil | N31: Normal | Q31: Seagull 입문
B32: 30 | C32: 3 | D32: 10 | E32: Bucket | F32: Easy | G32: Hole | H32: Easy | I32: Bucket | J32: Easy | K32: Hole | L32: Normal | M32: Seagull | N32: Normal | Q32: Seagull 입문
B33: 31 | C33: 4 | D33: 1 | E33: Light | F33: Easy | G33: Hole | H33: Easy | I33: Light | J33: Easy | K33: Hole | L33: Easy | M33: Light | N33: Easy | Q33: Ship 입문
B34: 32 | C34: 4 | D34: 2 | E34: Seagull | F34: Easy | G34: Bucket | H34: Easy | I34: Seagull | J34: Easy | K34: Bucket | L34: Easy | M34: Ship | N34: Easy | Q34: Ship 입문
B35: 33 | C35: 4 | D35: 3 | E35: Hole | F35: Easy | G35: Ship | H35: Easy | I35: Hole | J35: Easy | K35: Light | L35: Easy | M35: Hole | N35: Easy | Q35: Ship 입문
B36: 34 | C36: 4 | D36: 4 | E36: Bucket | F36: Easy | G36: Seagull | H36: Easy | I36: Bucket | J36: Easy | K36: Seagull | L36: Easy | M36: Ship | N36: Easy | Q36: Ship 입문
B37: 35 | C37: 4 | D37: 5 | E37: Light | F37: Easy | G37: Hole | H37: Easy | I37: Light | J37: Easy | K37: Hole | L37: Easy | M37: Light | N37: Normal | Q37: Ship 입문
B38: 36 | C38: 4 | D38: 6 | E38: Seagull | F38: Easy | G38: Ship | H38: Easy | I38: Seagull | J38: Easy | K38: Bucket | L38: Easy | M38: Ship | N38: Easy | Q38: Ship 입문
... B42: 40 | C42: 4 | D42: 10 | E42: Seagull | F42: Easy | G42: Bucket | H42: Easy | I42: Seagull | J42: Easy | K42: Bucket | L42: Easy | M42: Ship | N42: Normal | Q42: Ship 입문
B43: 41 | C43: 5 | D43: 1 | E43: Ship | F43: Easy | G43: Bucket | H43: Easy | I43: Seagull | J43: Easy | K43: Dolphin | L43: Normal | Q43: 5챕터: Dolphin 입문, 해상 적응
B44: 42 | C44: 5 | D44: 2 | E44: Oil | F44: Easy | G44: Light | H44: Easy | I44: Ship | J44: Normal | K44: Dolphin | L44: Normal | Q44: 5챕터: Dolphin 입문, 해상 적응
B45: 43 | C45: 5 | D45: 3 | E45: Bucket | F45: Easy | G45: Seagull | H45: Easy | I45: Oil | J45: Easy | K45: Dolphin | L45: Normal | Q45: 5챕터: Dolphin 입문, 해상 적응
B46: 44 | C46: 5 | D46: 4 | E46: Light | F46: Easy | G46: Ship | H46: Normal | I46: Bucket | J46: Easy | K46: Dolphin | L46: Normal | Q46: 5챕터: Dolphin 입문, 해상 적응
B47: 45 | C47: 5 | D47: 5 | E47: Seagull | F47: Easy | G47: Oil | H47: Easy | I47: Light | J47: Easy | K47: Ship | L47: Normal | M47: Dolphin | N47: Normal | Q47: 5챕터: Dolphin 입문, 해상 적응
B48: 46 | C48: 5 | D48: 6 | E48: Ship | F48: Normal | G48: Bucket | H48: Normal | I48: Seagull | J48: Normal | K48: Light | L48: Normal | M48: Dolphin | N48: Normal | Q48: 5챕터: Dolphin 입문, 해상 적응
B49: 47 | C49: 5 | D49: 7 | E49: Oil | F49: Easy | G49: Ship | H49: Normal | I49: Light | J49: Normal | K49: Bucket | L49: Normal | M49: Dolphin | N49: Normal | Q49: 5챕터: Dolphin 입문, 해상 적응
B50: 48 | C50: 5 | D50: 8 | E50: Seagull | F50: Normal | G50: Light | H50: Normal | I50: Ship | J50: Normal | K50: Dolphin | L50: Normal | M50: Bucket | N50: Normal | Q50: 5챕터: Dolphin 입문, 해상 적응
B51: 49 | C51: 5 | D51: 9 | E51: Ship | F51: Normal | G51: Bucket | H51: Normal | I51: Dolphin | J51: Normal | K51: Light | L51: Normal | M51: Seagull | N51: Hard | Q51: 5챕터: Dolphin 입문, 해상 적응
B52: 50 | C52: 5 | D52: 10 | E52: Light | F52: Normal | G52: Ship | H52: Normal | I52: Seagull | J52: Normal | K52: Bucket | L52: Normal | M52: Dolphin | N52: Hard | Q52: 5챕터: Dolphin 입문, 해상 적응
B53: 51 | C53: 6 | D53: 1 | E53: Light | F53: Easy | G53: Ship | H53: Normal | I53: Hole | J53: Easy | K53: Dolphin | L53: Normal | M53: Bucket | N53: Normal | Q53: 6챕터: 중반 혼합 압박
B54: 52 | C54: 6 | D54: 2 | E54: Seagull | F54: Easy | G54: Light | H54: Easy | I54: Ship | J54: Normal | K54: Oil | L54: Normal | M54: Dolphin | N54: Normal | Q54: 6챕터: 중반 혼합 압박
B55: 53 | C55: 6 | D55: 3 | E55: Ship | F55: Normal | G55: Hole | H55: Easy | I55: Light | J55: Easy | K55: Bucket | L55: Normal | M55: Dolphin | N55: Normal | Q55: 6챕터: 중반 혼합 압박
B56: 54 | C56: 6 | D56: 4 | E56: Dolphin | F56: Normal | G56: Oil | H56: Easy | I56: Light | J56: Easy | K56: Ship | L56: Normal | M56: Seagull | N56: Normal | Q56: 6챕터: 중반 혼합 압박
B57: 55 | C57: 6 | D57: 5 | E57: Light | F57: Normal | G57: Bucket | H57: Normal | I57: Ship | J57: Normal | K57: Dolphin | L57: Normal | M57: Hole | N57: Normal | Q57: 6챕터: 중반 혼합 압박
B58: 56 | C58: 6 | D58: 6 | E58: Ship | F58: Normal | G58: Seagull | H58: Normal | I58: Light | J58: Normal | K58: Oil | L58: Normal | M58: Dolphin | N58: Normal | Q58: 6챕터: 중반 혼합 압박
... B79: 77 | C79: 8 | D79: 7 | E79: Seagull | F79: Normal | G79: Ship | H79: Normal | I79: Hole | J79: Normal | K79: Dolphin | L79: Hard | M79: Oldman | N79: Normal | Q79: 8챕터: 복합 패턴, 지상/해상/공중 혼합
B80: 78 | C80: 8 | D80: 8 | E80: Light | F80: Normal | G80: Bucket | H80: Normal | I80: Ship | J80: Hard | K80: Seagull | L80: Hard | M80: Dolphin | N80: Hard | O80: Oldman | P80: Normal | Q80: 8챕터: 복합 패턴, 지상/해상/공중 혼합
B81: 79 | C81: 8 | D81: 9 | E81: Oil | F81: Normal | G81: Dolphin | H81: Normal | I81: Light | J81: Hard | K81: Ship | L81: Hard | M81: Seagull | N81: Hard | O81: Oldman | P81: Hard | Q81: 8챕터: 복합 패턴, 지상/해상/공중 혼합
B82: 80 | C82: 8 | D82: 10 | E82: Hole | F82: Normal | G82: Ship | H82: Normal | I82: Dolphin | J82: Normal | K82: Oldman | L82: Hard | M82: Light | N82: Hard | O82: Seagull | P82: Hard | Q82: 8챕터: 복합 패턴, 지상/해상/공중 혼합
B83: 81 | C83: 9 | D83: 1 | E83: Light | F83: Normal | G83: Ship | H83: Normal | I83: Oldman | J83: Normal | K83: Dolphin | L83: Normal | M83: Seagull | N83: Hard | Q83: 9챕터: Hard 비중 증가, 변주 강화
B84: 82 | C84: 9 | D84: 2 | E84: Bucket | F84: Normal | G84: Dolphin | H84: Normal | I84: Ship | J84: Normal | K84: Oldman | L84: Normal | M84: Light | N84: Hard | Q84: 9챕터: Hard 비중 증가, 변주 강화
B85: 83 | C85: 9 | D85: 3 | E85: Oil | F85: Normal | G85: Seagull | H85: Normal | I85: Dolphin | J85: Normal | K85: Ship | L85: Hard | M85: Oldman | N85: Hard | Q85: 9챕터: Hard 비중 증가, 변주 강화
B86: 84 | C86: 9 | D86: 4 | E86: Hole | F86: Normal | G86: Light | H86: Normal | I86: Ship | J86: Hard | K86: Seagull | L86: Hard | M86: Oldman | N86: Hard | Q86: 9챕터: Hard 비중 증가, 변주 강화
B87: 85 | C87: 9 | D87: 5 | E87: Dolphin | F87: Normal | G87: Bucket | H87: Normal | I87: Oldman | J87: Normal | K87: Ship | L87: Hard | M87: Light | N87: Hard | Q87: 9챕터: Hard 비중 증가, 변주 강화
B88: 86 | C88: 9 | D88: 6 | E88: Ship | F88: Normal | G88: Oil | H88: Normal | I88: Seagull | J88: Hard | K88: Dolphin | L88: Hard | M88: Oldman | N88: Hard | O88: Light | P88: Normal | Q88: 9챕터: Hard 비중 증가, 변주 강화
B89: 87 | C89: 9 | D89: 7 | E89: Light | F89: Normal | G89: Oldman | H89: Normal | I89: Ship | J89: Hard | K89: Dolphin | L89: Hard | M89: Seagull | N89: Hard | O89: Bucket | P89: Normal | Q89: 9챕터: Hard 비중 증가, 변주 강화
B90: 88 | C90: 9 | D90: 8 | E90: Seagull | F90: Normal | G90: Ship | H90: Normal | I90: Oldman | J90: Hard | K90: Light | L90: Hard | M90: Dolphin | N90: Hard | O90: Oil | P90: Normal | Q90: 9챕터: Hard 비중 증가, 변주 강화
B91: 89 | C91: 9 | D91: 9 | E91: Dolphin | F91: Normal | G91: Light | H91: Normal | I91: Ship | J91: Hard | K91: Oldman | L91: Hard | M91: Seagull | N91: Hard | O91: Hole | P91: Hard | Q91: 9챕터: Hard 비중 증가, 변주 강화
B92: 90 | C92: 9 | D92: 10 | E92: Oldman | F92: Normal | G92: Ship | H92: Normal | I92: Dolphin | J92: Hard | K92: Light | L92: Hard | M92: Seagull | N92: Hard | O92: Bucket | P92: Hard | Q92: 9챕터: Hard 비중 증가, 변주 강화
B93: 91 | C93: 10 | D93: 1 | E93: Ship | F93: Normal | G93: Dolphin | H93: Normal | I93: Oldman | J93: Hard | K93: Light | L93: Hard | M93: Seagull | N93: Hard | O93: Hole | P93: Hard | Q93: 10챕터: 엔드게임 최종 조합
B94: 92 | C94: 10 | D94: 2 | E94: Light | F94: Normal | G94: Ship | H94: Normal | I94: Seagull | J94: Hard | K94: Oldman | L94: Hard | M94: Dolphin | N94: Hard | O94: Bucket | P94: Hard | Q94: 10챕터: 엔드게임 최종 조합
B95: 93 | C95: 10 | D95: 3 | E95: Dolphin | F95: Normal | G95: Oldman | H95: Normal | I95: Ship | J95: Hard | K95: Light | L95: Hard | M95: Seagull | N95: Hard | O95: Oil | P95: Hard | Q95: 10챕터: 엔드게임 최종 조합
B96: 94 | C96: 10 | D96: 4 | E96: Seagull | F96: Normal | G96: Light | H96: Normal | I96: Oldman | J96: Hard | K96: Dolphin | L96: Hard | M96: Ship | N96: Hard | O96: Hole | P96: Hard | Q96: 10챕터: 엔드게임 최종 조합
B97: 95 | C97: 10 | D97: 5 | E97: Oldman | F97: Normal | G97: Ship | H97: Hard | I97: Light | J97: Hard | K97: Seagull | L97: Hard | M97: Dolphin | N97: Hard | O97: Bucket | P97: Hard | Q97: 10챕터: 엔드게임 최종 조합
B98: 96 | C98: 10 | D98: 6 | E98: Ship | F98: Normal | G98: Oldman | H98: Normal | I98: Dolphin | J98: Hard | K98: Seagull | L98: Hard | M98: Light | N98: Hard | O98: Oil | P98: Hard | Q98: 10챕터: 엔드게임 최종 조합
B99: 97 | C99: 10 | D99: 7 | E99: Light | F99: Normal | G99: Ship | H99: Hard | I99: Oldman | J99: Hard | K99: Dolphin | L99: Hard | M99: Seagull | N99: Hard | O99: Hole | P99: Hard | Q99: 10챕터: 엔드게임 최종 조합
... B102: 100 | C102: 10 | D102: 10 | E102: Ship | F102: Normal | G102: Oldman | H102: Hard | I102: Light | J102: Hard | K102: Dolphin | L102: Hard | M102: Seagull | N102: Hard | O102: Hole | P102: Hard | Q102: 10챕터: 엔드게임 최종 조합

Sheet 패턴목록
A1: Pattern | B1: Difficulty
A2: None | B2: Easy
A3: Hole | B3: Normal
A4: Oil | B4: Hard
A5: Ship
A6: Light
A7: Oldman
A8: Dolphin
A9: Bucket
A10: Seagull

Sheet 환경 변수
B2: 변수명 | C2: 변수 타입 | D2: 값1 | E2: 값2 | F2: 값3
B3: playerSpeed | C3: float | D3: 8
B4: playerDefaultAtt | C4: float | D4: 8
B5: playerDefaultHp | C5: float | D5: 60
B6: misspleSpeed | C6: float | D6: 32
B7: missileDuration | C7: float | D7: 1.25 | G7: =D6*D7 -> 40
B8: playerDefaultFireRate | C8: float | D8: 1.6
B9: playerDefaultMissileCount | C9: float | D9: 1
B10: playerSpeed_Noryangjin_MapTool_Mode_SR18 | C10: float | D10: ='밸런스 조정'!C59 -> 8.84
B11: playerSpeed_HighWay | C11: float | D11: ='밸런스 조정'!C60 -> 7.8
B12: playerSpeed_RestStop | C12: float | D12: ='밸런스 조정'!C88 -> 7.8
B13: progressRewardInterval | C13: float | D13: ='밸런스 조정'!C95 -> 15
B14: progressCoinPerCheckpoint_HighWay | C14: float | D14: ='밸런스 조정'!C96 -> 62
B15: progressCoinPerCheckpoint_RestStop | C15: float | D15: ='밸런스 조정'!C97 -> 350
B16: progressRewardMaximum | C16: float | D16: ='밸런스 조정'!C98 -> 20
B17: progressCoinPerCheckpoint_Noryangjin_MapTool_Mode_SR18 | C17: float | D17: ='밸런스 조정'!C99 -> 0
B18: firstClearJewels_Noryangjin_MapTool_Mode_SR18 | C18: float | D18: ='밸런스 조정'!C100 -> 20
B19: replayClearJewels_Noryangjin_MapTool_Mode_SR18 | C19: float | D19: ='밸런스 조정'!C101 -> 5
B20: firstClearJewels_HighWay | C20: float | D20: ='밸런스 조정'!C102 -> 25
B21: replayClearJewels_HighWay | C21: float | D21: ='밸런스 조정'!C103 -> 5
B22: firstClearJewels_RestStop | C22: float | D22: ='밸런스 조정'!C104 -> 30
B23: replayClearJewels_RestStop | C23: float | D23: ='밸런스 조정'!C105 -> 5
B24: coinPickupRadius_HighWay | C24: float | D24: 3.5
B25: coinPickupRadius_RestStop | C25: float | D25: 3.5
B26: highwayOncomingWarning | C26: float | D26: ='밸런스 조정'!C110 -> 2.2
B27: highwayOncomingSpeed | C27: float | D27: ='밸런스 조정'!C111 -> 16
B28: highwayOncomingDamage | C28: float | D28: ='밸런스 조정'!C112 -> 220
B29: highwayBypassHeal | C29: float | D29: ='밸런스 조정'!C113 -> 0.1
B30: reststopHoldoutSeconds | C30: float | D30: ='밸런스 조정'!C114 -> 30
B31: reststopPoliceHealth | C31: float | D31: ='밸런스 조정'!C115 -> 520
B32: reststopPoliceSpeed | C32: float | D32: ='밸런스 조정'!C116 -> 3.2
B33: reststopPoliceInterval | C33: float | D33: ='밸런스 조정'!C117 -> 1.05
B34: reststopHoldoutHeal | C34: float | D34: ='밸런스 조정'!C118 -> 0.12
B35: hwy2_length | C35: float | D35: ='밸런스 조정'!C119 -> 2340 | E35: 0 | F35: 0
B36: hwy2_runSpeed | C36: float | D36: ='밸런스 조정'!C120 -> 7.8 | E36: 0 | F36: 0
B37: hwy2_laneWidth | C37: float | D37: ='밸런스 조정'!C121 -> 4.4 | E37: 0 | F37: 0
B38: hwy2_sharkScale | C38: float | D38: ='밸런스 조정'!C122 -> 0.8 | E38: 0 | F38: 0
B39: hwy2_cameraScale | C39: float | D39: ='밸런스 조정'!C123 -> 1.15 | E39: 0 | F39: 0
B40: hwy2_medianWidth | C40: float | D40: ='밸런스 조정'!C124 -> 0.84 | E40: 0 | F40: 0
B41: hwy2_medianHeight | C41: float | D41: ='밸런스 조정'!C125 -> 1 | E41: 0 | F41: 0
B42: hwy2_medianShoulder | C42: float | D42: ='밸런스 조정'!C126 -> 0.6 | E42: 0 | F42: 0
B43: hwy2_outerShoulder | C43: float | D43: ='밸런스 조정'!C127 -> 2 | E43: 0 | F43: 0
B44: hwy2_dashPaint | C44: float | D44: ='밸런스 조정'!C128 -> 8 | E44: 0 | F44: 0
B45: hwy2_dashGap | C45: float | D45: ='밸런스 조정'!C129 -> 12 | E45: 0 | F45: 0
B46: hwy2_paintWidth | C46: float | D46: ='밸런스 조정'!C130 -> 0.15 | E46: 0 | F46: 0
... B113: hwy2_logSeconds | C113: float | D113: ='밸런스 조정'!C197 -> 6 | E113: 0 | F113: 0
B114: hwy2_logLength | C114: float | D114: ='밸런스 조정'!C271 -> 5.1 | E114: 0 | F114: 0
B115: hwy2_logSpeed | C115: float | D115: ='밸런스 조정'!C198 -> 12 | E115: 0 | F115: 0
B116: hwy2_logBounceHeight | C116: float | D116: ='밸런스 조정'!C199 -> 3.8 | E116: 0 | F116: 0
B117: hwy2_logRadius | C117: float | D117: ='밸런스 조정'!C200 -> 2.4 | E117: 0 | F117: 0
B118: hwy2_logDamage | C118: float | D118: ='밸런스 조정'!C201 -> 0.25 | E118: 0 | F118: 0
B119: hwy2_deerAt | C119: float | D119: ='밸런스 조정'!C202 -> 1610 | E119: 0 | F119: 0
B120: hwy2_deerLead | C120: float | D120: ='밸런스 조정'!C203 -> 30 | E120: 0 | F120: 0
B121: hwy2_deerTail | C121: float | D121: ='밸런스 조정'!C204 -> 20 | E121: 0 | F121: 0
B122: hwy2_deerDamage | C122: float | D122: ='밸런스 조정'!C205 -> 0.2 | E122: 0 | F122: 0
B123: hwy2_deerMinSpeed | C123: float | D123: ='밸런스 조정'!C206 -> 3.2 | E123: 0 | F123: 0
B124: hwy2_deerMaxSpeed | C124: float | D124: ='밸런스 조정'!C207 -> 5.5 | E124: 0 | F124: 0
B125: hwy2_deerRadius | C125: float | D125: ='밸런스 조정'!C208 -> 1.5 | E125: 0 | F125: 0
B126: hwy2_deerSpin | C126: float | D126: ='밸런스 조정'!C209 -> 0.8 | E126: 0 | F126: 0
... B187: hwy2_sideCarWidth | C187: float | D187: ='밸런스 조정'!C270 -> 3 | E187: 0 | F187: 0
B188: hwy2_revealSeconds | C188: float | D188: ='밸런스 조정'!C272 -> 1.5 | E188: 0 | F188: 0
B189: hwy2_vehicleGroundClearance | C189: float | D189: ='밸런스 조정'!C273 -> 0.08 | E189: 0 | F189: 0
B190: hwy2_entryExtraCars | C190: float | D190: ='밸런스 조정'!C274 -> 8 | E190: 0 | F190: 0
B191: hwy2_entryExtraInterval | C191: float | D191: ='밸런스 조정'!C275 -> 14 | E191: 0 | F191: 0
B192: hwy2_guideWidth | C192: float | D192: ='밸런스 조정'!C276 -> 0.65 | E192: 0 | F192: 0
B193: hwy2_guideAhead | C193: float | D193: ='밸런스 조정'!C277 -> 60 | E193: 0 | F193: 0
B194: hwy2_guideAfter | C194: float | D194: ='밸런스 조정'!C278 -> 30 | E194: 0 | F194: 0
B195: hwy2_branchTransition | C195: float | D195: ='밸런스 조정'!C279 -> 220 | E195: 0 | F195: 0
B196: hwy2_trafficTarget | C196: float | D196: ='밸런스 조정'!C280 -> 351 | E196: 0 | F196: 0
B197: hwy2_entryWaves | C197: float | D197: ='밸런스 조정'!C281 -> 6 | E197: 0 | F197: 0
B198: hwy2_jamWaves | C198: float | D198: ='밸런스 조정'!C282 -> 61 | E198: 0 | F198: 0
B199: hwy2_openWaves | C199: float | D199: ='밸런스 조정'!C283 -> 28 | E199: 0 | F199: 0
... B211: hwy2_rushHealthSeconds | C211: float | D211: ='밸런스 조정'!C295 -> 1.1 | E211: 0 | F211: 0

Sheet 몬스터 성장
B2: 챕터 | C2: 티어 | D2: 초기 공격력 | E2: 최종 공격력 | F2: 초기 체력 | G2: 최종 체력 | H2: 계수
B3: 1 | C3: Normal | D3: =VLOOKUP($C3,$K$5:$O$7,2,FALSE)*$H3 -> 33 | E3: =VLOOKUP($C3,$K$5:$O$7,3,FALSE)*$H3 -> 330 | F3: =VLOOKUP($C3,$K$5:$O$7,4,FALSE)*$H3 -> 55 | G3: =VLOOKUP($C3,$K$5:$O$7,5,FALSE)*$H3 -> 550 | H3: 1
B4: 1 | C4: Elite | D4: =VLOOKUP($C4,$K$5:$O$7,2,FALSE)*$H4 -> 55 | E4: =VLOOKUP($C4,$K$5:$O$7,3,FALSE)*$H4 -> 550 | F4: =VLOOKUP($C4,$K$5:$O$7,4,FALSE)*$H4 -> 110 | G4: =VLOOKUP($C4,$K$5:$O$7,5,FALSE)*$H4 -> 1100 | H4: 1 | K4: 참고용 | L4: 초기 공격력 | M4: 최종 공격력 | N4: 초기 체력 | O4: 최종 체력
B5: 1 | C5: Boss | D5: =VLOOKUP($C5,$K$5:$O$7,2,FALSE)*$H5 -> 165 | E5: =VLOOKUP($C5,$K$5:$O$7,3,FALSE)*$H5 -> 1650 | F5: =VLOOKUP($C5,$K$5:$O$7,4,FALSE)*$H5 -> 190 | G5: =VLOOKUP($C5,$K$5:$O$7,5,FALSE)*$H5 -> 1870 | H5: 1 | K5: Normal | L5: 33 | M5: 330 | N5: 55 | O5: 550
B6: 2 | C6: Normal | D6: =VLOOKUP($C6,$K$5:$O$7,2,FALSE)*$H6 -> 66 | E6: =VLOOKUP($C6,$K$5:$O$7,3,FALSE)*$H6 -> 660 | F6: =VLOOKUP($C6,$K$5:$O$7,4,FALSE)*$H6 -> 110 | G6: =VLOOKUP($C6,$K$5:$O$7,5,FALSE)*$H6 -> 1100 | H6: 2 | K6: Elite | L6: 55 | M6: 550 | N6: 110 | O6: 1100
B7: 2 | C7: Elite | D7: =VLOOKUP($C7,$K$5:$O$7,2,FALSE)*$H7 -> 110 | E7: =VLOOKUP($C7,$K$5:$O$7,3,FALSE)*$H7 -> 1100 | F7: =VLOOKUP($C7,$K$5:$O$7,4,FALSE)*$H7 -> 220 | G7: =VLOOKUP($C7,$K$5:$O$7,5,FALSE)*$H7 -> 2200 | H7: 2 | K7: Boss | L7: 165 | M7: 1650 | N7: 190 | O7: 1870
B8: 2 | C8: Boss | D8: =VLOOKUP($C8,$K$5:$O$7,2,FALSE)*$H8 -> 330 | E8: =VLOOKUP($C8,$K$5:$O$7,3,FALSE)*$H8 -> 3300 | F8: =VLOOKUP($C8,$K$5:$O$7,4,FALSE)*$H8 -> 380 | G8: =VLOOKUP($C8,$K$5:$O$7,5,FALSE)*$H8 -> 3740 | H8: 2
B9: 3 | C9: Normal | D9: =VLOOKUP($C9,$K$5:$O$7,2,FALSE)*$H9 -> 99 | E9: =VLOOKUP($C9,$K$5:$O$7,3,FALSE)*$H9 -> 990 | F9: =VLOOKUP($C9,$K$5:$O$7,4,FALSE)*$H9 -> 165 | G9: =VLOOKUP($C9,$K$5:$O$7,5,FALSE)*$H9 -> 1650 | H9: 3
B10: 3 | C10: Elite | D10: =VLOOKUP($C10,$K$5:$O$7,2,FALSE)*$H10 -> 165 | E10: =VLOOKUP($C10,$K$5:$O$7,3,FALSE)*$H10 -> 1650 | F10: =VLOOKUP($C10,$K$5:$O$7,4,FALSE)*$H10 -> 330 | G10: =VLOOKUP($C10,$K$5:$O$7,5,FALSE)*$H10 -> 3300 | H10: 3
B11: 3 | C11: Boss | D11: =VLOOKUP($C11,$K$5:$O$7,2,FALSE)*$H11 -> 495 | E11: =VLOOKUP($C11,$K$5:$O$7,3,FALSE)*$H11 -> 4950 | F11: =VLOOKUP($C11,$K$5:$O$7,4,FALSE)*$H11 -> 570 | G11: =VLOOKUP($C11,$K$5:$O$7,5,FALSE)*$H11 -> 5610 | H11: 3
B12: 4 | C12: Normal | D12: =VLOOKUP($C12,$K$5:$O$7,2,FALSE)*$H12 -> 132 | E12: =VLOOKUP($C12,$K$5:$O$7,3,FALSE)*$H12 -> 1320 | F12: =VLOOKUP($C12,$K$5:$O$7,4,FALSE)*$H12 -> 220 | G12: =VLOOKUP($C12,$K$5:$O$7,5,FALSE)*$H12 -> 2200 | H12: 4
B13: 4 | C13: Elite | D13: =VLOOKUP($C13,$K$5:$O$7,2,FALSE)*$H13 -> 220 | E13: =VLOOKUP($C13,$K$5:$O$7,3,FALSE)*$H13 -> 2200 | F13: =VLOOKUP($C13,$K$5:$O$7,4,FALSE)*$H13 -> 440 | G13: =VLOOKUP($C13,$K$5:$O$7,5,FALSE)*$H13 -> 4400 | H13: 4
B14: 4 | C14: Boss | D14: =VLOOKUP($C14,$K$5:$O$7,2,FALSE)*$H14 -> 660 | E14: =VLOOKUP($C14,$K$5:$O$7,3,FALSE)*$H14 -> 6600 | F14: =VLOOKUP($C14,$K$5:$O$7,4,FALSE)*$H14 -> 760 | G14: =VLOOKUP($C14,$K$5:$O$7,5,FALSE)*$H14 -> 7480 | H14: 4
B15: 5 | C15: Normal | D15: =VLOOKUP($C15,$K$5:$O$7,2,FALSE)*$H15 -> 165 | E15: =VLOOKUP($C15,$K$5:$O$7,3,FALSE)*$H15 -> 1650 | F15: =VLOOKUP($C15,$K$5:$O$7,4,FALSE)*$H15 -> 275 | G15: =VLOOKUP($C15,$K$5:$O$7,5,FALSE)*$H15 -> 2750 | H15: 5
B16: 5 | C16: Elite | D16: =VLOOKUP($C16,$K$5:$O$7,2,FALSE)*$H16 -> 275 | E16: =VLOOKUP($C16,$K$5:$O$7,3,FALSE)*$H16 -> 2750 | F16: =VLOOKUP($C16,$K$5:$O$7,4,FALSE)*$H16 -> 550 | G16: =VLOOKUP($C16,$K$5:$O$7,5,FALSE)*$H16 -> 5500 | H16: 5
B17: 5 | C17: Boss | D17: =VLOOKUP($C17,$K$5:$O$7,2,FALSE)*$H17 -> 825 | E17: =VLOOKUP($C17,$K$5:$O$7,3,FALSE)*$H17 -> 8250 | F17: =VLOOKUP($C17,$K$5:$O$7,4,FALSE)*$H17 -> 950 | G17: =VLOOKUP($C17,$K$5:$O$7,5,FALSE)*$H17 -> 9350 | H17: 5

Sheet 적 배치
B1: 보너스 선택25 : 적50 : 기믹25. 공격력·체력·드롭·코인보상은 이 표가 최종 기준입니다.
B2: 순번 | C2: 맵 | D2: 배치ID | E2: 사용 | F2: 이벤트 | G2: 이동속도 | H2: 이동거리 | I2: 발동앞거리 | J2: 발사준비초 | K2: 투사체속도 | L2: 설명 | M2: 타입 | N2: 공격력 | O2: 체력 | P2: 체력증가율 | Q2: 보너스드롭 | R2: 코인보상 | S2: 차종 | T2: 차량경로 | U2: 차량거리 | V2: 차로번호 | W2: 등장거리 | X2: 사건ID | Y2: 사고앞줄
B3: 1 | C3: Noryangjin_MapTool_Mode_SR18 | D3: SR18_L_E01_T005_Enemy_OldMan | E3: 1 | F3: 이동 후 공격 | G3: 1.8 | H3: 2 | I3: 12 | J3: 2 | K3: 12 | L3: 공격력·체력은 밸런스 조정 시트에서 계산. | M3: Normal | N3: ='밸런스 조정'!$C$15 -> 8 | O3: ='밸런스 조정'!$C$16 -> 45 | P3: ='밸런스 조정'!$C$18 -> 0.16 | Q3: ='밸런스 조정'!$C$64 -> 0 | R3: ='밸런스 조정'!$C$65*IF(M3="Boss",5,IF(M3="Elite",2,1)) -> 10
B4: 2 | C4: Noryangjin_MapTool_Mode_SR18 | D4: SR18_L_E01_T005_Enemy_OldMan_Right | E4: 1 | F4: 공격 한 번 | G4: 2 | H4: 0 | I4: 5 | J4: 2 | K4: 12 | L4: 왼쪽 적보다 체력 15% 증가. 접근 시차를 두고 발동. | M4: Normal | N4: =N3 -> 8 | O4: =ROUND(O3*(1+P4),0) -> 52 | P4: 0.15 | Q4: ='밸런스 조정'!$C$64 -> 0 | R4: ='밸런스 조정'!$C$65*IF(M4="Boss",5,IF(M4="Elite",2,1)) -> 10
B5: 3 | C5: Noryangjin_MapTool_Mode_SR18 | D5: SR18_L_E02_T017_Enemy_OldMan | E5: 1 | F5: 공격 반복 | G5: 2 | H5: 0 | I5: 8 | J5: 2 | K5: 12 | L5: 공격력·체력은 밸런스 조정 시트에서 계산. | M5: Normal | N5: =ROUND(N3*(1+'밸런스 조정'!$C$17),0) -> 8 | O5: ='밸런스 조정'!$C$23 -> 55 | P5: ='밸런스 조정'!$C$18 -> 0.16 | Q5: ='밸런스 조정'!$C$64 -> 0 | R5: ='밸런스 조정'!$C$65*IF(M5="Boss",5,IF(M5="Elite",2,1)) -> 10
B6: 4 | C6: Noryangjin_MapTool_Mode_SR18 | D6: SR18_L_E02_T017_Enemy_OldMan_Right | E6: 1 | F6: 공격 반복 | G6: 2 | H6: 0 | I6: 5 | J6: 2 | K6: 12 | L6: 왼쪽 적보다 체력 15% 증가. 접근 시차를 두고 발동. | M6: Normal | N6: =N5 -> 8 | O6: =ROUND(O5*(1+P6),0) -> 63 | P6: 0.15 | Q6: ='밸런스 조정'!$C$64 -> 0 | R6: ='밸런스 조정'!$C$65*IF(M6="Boss",5,IF(M6="Elite",2,1)) -> 10
B7: 5 | C7: Noryangjin_MapTool_Mode_SR18 | D7: SR18_L_E03_T029_Enemy_YllowMan_Sword | E7: 1 | F7: 왕복 | G7: 2.5 | H7: 8 | I7: 18 | J7: 2 | K7: 12 | L7: 공격력·체력은 밸런스 조정 시트에서 계산. | M7: Normal | N7: =ROUND(N5*(1+'밸런스 조정'!$C$17),0) -> 8 | O7: ='밸런스 조정'!$C$24 -> 130 | P7: ='밸런스 조정'!$C$18 -> 0.16 | Q7: ='밸런스 조정'!$C$64 -> 0 | R7: ='밸런스 조정'!$C$65*IF(M7="Boss",5,IF(M7="Elite",2,1)) -> 10
B8: 6 | C8: Noryangjin_MapTool_Mode_SR18 | D8: SR18_L_E03_T029_Enemy_YllowMan_Sword_Right | E8: 1 | F8: 왕복 | G8: 2.5 | H8: 8 | I8: 14 | J8: 2 | K8: 12 | L8: 왼쪽 적보다 체력 15% 증가. 접근 시차를 두고 발동. | M8: Normal | N8: =N7 -> 8 | O8: =ROUND(O7*(1+P8),0) -> 150 | P8: 0.15 | Q8: ='밸런스 조정'!$C$64 -> 0 | R8: ='밸런스 조정'!$C$65*IF(M8="Boss",5,IF(M8="Elite",2,1)) -> 10
B9: 7 | C9: Noryangjin_MapTool_Mode_SR18 | D9: SR18_L_E04_T041_Enemy_OldMan | E9: 1 | F9: 공격 반복 | G9: 2 | H9: 0 | I9: 8 | J9: 2 | K9: 12 | L9: 공격력·체력은 밸런스 조정 시트에서 계산. | M9: Normal | N9: =ROUND(N7*(1+'밸런스 조정'!$C$17),0) -> 8 | O9: =ROUND(O7*(1+P9),0) -> 151 | P9: ='밸런스 조정'!$C$18 -> 0.16 | Q9: ='밸런스 조정'!$C$64 -> 0 | R9: ='밸런스 조정'!$C$65*IF(M9="Boss",5,IF(M9="Elite",2,1)) -> 10
B10: 8 | C10: Noryangjin_MapTool_Mode_SR18 | D10: SR18_L_E04_T041_Enemy_OldMan_Right | E10: 1 | F10: 공격 반복 | G10: 2 | H10: 0 | I10: 5 | J10: 2 | K10: 12 | L10: 왼쪽 적보다 체력 15% 증가. 접근 시차를 두고 발동. | M10: Normal | N10: =N9 -> 8 | O10: =ROUND(O9*(1+P10),0) -> 174 | P10: 0.15 | Q10: ='밸런스 조정'!$C$64 -> 0 | R10: ='밸런스 조정'!$C$65*IF(M10="Boss",5,IF(M10="Elite",2,1)) -> 10
B11: 9 | C11: Noryangjin_MapTool_Mode_SR18 | D11: SR18_L_E05_T053_Enemy_Guard | E11: 1 | F11: 전방 매복 사격 | G11: 3 | H11: 4 | I11: 36 | J11: 0.45 | K11: 11.9 | L11: 공격력·체력은 밸런스 조정 시트에서 계산. | M11: Normal | N11: =(ROUND(N9*(1+'밸런스 조정'!$C$17),0))*0.45 -> 3.6 | O11: =ROUND(O9*(1+P11),0) -> 175 | P11: ='밸런스 조정'!$C$18 -> 0.16 | Q11: ='밸런스 조정'!$C$64 -> 0 | R11: ='밸런스 조정'!$C$65*IF(M11="Boss",5,IF(M11="Elite",2,1)) -> 10
B12: 10 | C12: Noryangjin_MapTool_Mode_SR18 | D12: SR18_L_E05_T053_Enemy_Guard_Right | E12: 1 | F12: 전방 매복 사격 | G12: 3 | H12: 4 | I12: 36 | J12: 0.45 | K12: 11.9 | L12: 왼쪽 적보다 체력 15% 증가. 접근 시차를 두고 발동. | M12: Normal | N12: =N11 -> 3.6 | O12: =ROUND(O11*(1+P12),0) -> 201 | P12: 0.15 | Q12: ='밸런스 조정'!$C$64 -> 0 | R12: ='밸런스 조정'!$C$65*IF(M12="Boss",5,IF(M12="Elite",2,1)) -> 10
B13: 11 | C13: Noryangjin_MapTool_Mode_SR18 | D13: SR18_L_E06_T065_Enemy_YllowMan_Net | E13: 0 | F13: 공격 반복 | G13: 2 | H13: 0 | I13: 8 | J13: 2 | K13: 12 | L13: 공격력·체력은 밸런스 조정 시트에서 계산. | M13: Normal | N13: =ROUND(N11*(1+'밸런스 조정'!$C$17),0) -> 4 | O13: =ROUND(O11*(1+P13),0) -> 203 | P13: ='밸런스 조정'!$C$18 -> 0.16 | Q13: ='밸런스 조정'!$C$64 -> 0 | R13: ='밸런스 조정'!$C$65*IF(M13="Boss",5,IF(M13="Elite",2,1)) -> 10
B14: 12 | C14: Noryangjin_MapTool_Mode_SR18 | D14: SR18_L_E06_T065_Enemy_YllowMan_Net_Right | E14: 1 | F14: 공격 반복 | G14: 2 | H14: 0 | I14: 5 | J14: 2 | K14: 12 | L14: 왼쪽 적보다 체력 15% 증가. 접근 시차를 두고 발동. | M14: Boss | N14: =N13 -> 4 | O14: =ROUND(O13*3,0) -> 609 | P14: 0.15 | Q14: ='밸런스 조정'!$C$64 -> 0 | R14: ='밸런스 조정'!$C$65*IF(M14="Boss",5,IF(M14="Elite",2,1)) -> 50
B15: 13 | C15: Noryangjin_MapTool_Mode_SR18 | D15: SR18_L_E07_T077_Enemy_YllowMan_Sword | E15: 1 | F15: 왕복 | G15: 2.5 | H15: 8 | I15: 18 | J15: 2 | K15: 12 | L15: 공격력·체력은 밸런스 조정 시트에서 계산. | M15: Normal | N15: =ROUND(N13*(1+'밸런스 조정'!$C$17),0) -> 4 | O15: =ROUND(O13*(1+P15),0) -> 235 | P15: ='밸런스 조정'!$C$18 -> 0.16 | Q15: ='밸런스 조정'!$C$64 -> 0 | R15: ='밸런스 조정'!$C$65*IF(M15="Boss",5,IF(M15="Elite",2,1)) -> 10
B16: 14 | C16: Noryangjin_MapTool_Mode_SR18 | D16: SR18_L_E07_T077_Enemy_YllowMan_Sword_Right | E16: 1 | F16: 왕복 | G16: 2.5 | H16: 8 | I16: 14 | J16: 2 | K16: 12 | L16: 왼쪽 적보다 체력 15% 증가. 접근 시차를 두고 발동. | M16: Normal | N16: =N15 -> 4 | O16: =ROUND(O15*(1+P16),0) -> 270 | P16: 0.15 | Q16: ='밸런스 조정'!$C$64 -> 0 | R16: ='밸런스 조정'!$C$65*IF(M16="Boss",5,IF(M16="Elite",2,1)) -> 10
B17: 15 | C17: Noryangjin_MapTool_Mode_SR18 | D17: SR18_L_E08_T089_Enemy_FatMan | E17: 1 | F17: 사격 | G17: 0 | H17: 0 | I17: 20 | J17: 0.62 | K17: 18 | L17: 공격력·체력은 밸런스 조정 시트에서 계산. | M17: Elite | N17: 100 | O17: =ROUND(O15*'밸런스 조정'!$C$20,0) -> 423 | Q17: ='밸런스 조정'!$C$64 -> 0 | R17: ='밸런스 조정'!$C$65*IF(M17="Boss",5,IF(M17="Elite",2,1)) -> 20
B18: 16 | C18: Noryangjin_MapTool_Mode_SR18 | D18: SR18_L_E08_T089_Enemy_FatMan_Right | E18: 1 | F18: 사격 | G18: 0 | H18: 0 | I18: 20 | J18: 0.62 | K18: 18 | L18: 왼쪽 적보다 체력 15% 증가. 접근 시차를 두고 발동. | M18: Elite | N18: 100 | O18: =ROUND(O17*(1+P18),0) -> 486 | P18: 0.15 | Q18: ='밸런스 조정'!$C$64 -> 0 | R18: ='밸런스 조정'!$C$65*IF(M18="Boss",5,IF(M18="Elite",2,1)) -> 20
B19: 17 | C19: Noryangjin_MapTool_Mode_SR18 | D19: SR18_L_E09_T101_Enemy_YllowMan_Net | E19: 1 | F19: 공격 반복 | G19: 2 | H19: 0 | I19: 8 | J19: 2 | K19: 12 | L19: 공격력·체력은 밸런스 조정 시트에서 계산. | M19: Normal | N19: =ROUND(N15*(1+'밸런스 조정'!$C$17),0) -> 4 | O19: =ROUND(O15*(1+P19),0) -> 273 | P19: ='밸런스 조정'!$C$18 -> 0.16 | Q19: ='밸런스 조정'!$C$64 -> 0 | R19: ='밸런스 조정'!$C$65*IF(M19="Boss",5,IF(M19="Elite",2,1)) -> 10
B20: 18 | C20: Noryangjin_MapTool_Mode_SR18 | D20: SR18_L_E09_T101_Enemy_YllowMan_Net_Right | E20: 1 | F20: 공격 반복 | G20: 2 | H20: 0 | I20: 5 | J20: 2 | K20: 12 | L20: 왼쪽 적보다 체력 15% 증가. 접근 시차를 두고 발동. | M20: Normal | N20: =N19 -> 4 | O20: =ROUND(O19*(1+P20),0) -> 314 | P20: 0.15 | Q20: ='밸런스 조정'!$C$64 -> 0 | R20: ='밸런스 조정'!$C$65*IF(M20="Boss",5,IF(M20="Elite",2,1)) -> 10
B21: 19 | C21: Noryangjin_MapTool_Mode_SR18 | D21: SR18_L_E10_T113_Enemy_YllowMan_Sword | E21: 1 | F21: 왕복 | G21: 1.4 | H21: 2 | I21: 18 | J21: 2 | K21: 12 | L21: 공격력·체력은 밸런스 조정 시트에서 계산. | M21: Normal | N21: =ROUND(N19*(1+'밸런스 조정'!$C$17),0) -> 4 | O21: =ROUND(O19*(1+P21),0) -> 317 | P21: ='밸런스 조정'!$C$18 -> 0.16 | Q21: ='밸런스 조정'!$C$64 -> 0 | R21: ='밸런스 조정'!$C$65*IF(M21="Boss",5,IF(M21="Elite",2,1)) -> 10
B22: 20 | C22: Noryangjin_MapTool_Mode_SR18 | D22: SR18_L_E10_T113_Enemy_YllowMan_Sword_Right | E22: 1 | F22: 왕복 | G22: 1.4 | H22: 2 | I22: 14 | J22: 2 | K22: 12 | L22: 왼쪽 적보다 체력 15% 증가. 접근 시차를 두고 발동. | M22: Normal | N22: =N21 -> 4 | O22: =ROUND(O21*(1+P22),0) -> 365 | P22: 0.15 | Q22: ='밸런스 조정'!$C$64 -> 0 | R22: ='밸런스 조정'!$C$65*IF(M22="Boss",5,IF(M22="Elite",2,1)) -> 10
B23: 21 | C23: Noryangjin_MapTool_Mode_SR18 | D23: SR18_L_E11_T125_Enemy_OldMan | E23: 1 | F23: 공격 반복 | G23: 2 | H23: 0 | I23: 8 | J23: 2 | K23: 12 | L23: 공격력·체력은 밸런스 조정 시트에서 계산. | M23: Normal | N23: =ROUND(N21*(1+'밸런스 조정'!$C$17),0) -> 4 | O23: =ROUND(O21*(1+P23),0) -> 368 | P23: ='밸런스 조정'!$C$18 -> 0.16 | Q23: ='밸런스 조정'!$C$64 -> 0 | R23: ='밸런스 조정'!$C$65*IF(M23="Boss",5,IF(M23="Elite",2,1)) -> 10
B24: 22 | C24: Noryangjin_MapTool_Mode_SR18 | D24: SR18_L_E11_T125_Enemy_OldMan_Right | E24: 1 | F24: 공격 반복 | G24: 2 | H24: 0 | I24: 5 | J24: 2 | K24: 12 | L24: 왼쪽 적보다 체력 15% 증가. 접근 시차를 두고 발동. | M24: Normal | N24: =N23 -> 4 | O24: =ROUND(O23*(1+P24),0) -> 423 | P24: 0.15 | Q24: ='밸런스 조정'!$C$64 -> 0 | R24: ='밸런스 조정'!$C$65*IF(M24="Boss",5,IF(M24="Elite",2,1)) -> 10
B25: 23 | C25: Noryangjin_MapTool_Mode_SR18 | D25: SR18_L_E12_T137_Enemy_FatMan | E25: 1 | F25: 사격 | G25: 0 | H25: 0 | I25: 16 | J25: 0.62 | K25: 18 | L25: 공격력·체력은 밸런스 조정 시트에서 계산. | M25: Elite | N25: 100 | O25: =ROUND(O23*'밸런스 조정'!$C$20,0) -> 662 | Q25: ='밸런스 조정'!$C$64 -> 0 | R25: ='밸런스 조정'!$C$65*IF(M25="Boss",5,IF(M25="Elite",2,1)) -> 20
B26: 24 | C26: Noryangjin_MapTool_Mode_SR18 | D26: SR18_L_E12_T137_Enemy_FatMan_Right | E26: 1 | F26: 사격 | G26: 0 | H26: 0 | I26: 16 | J26: 0.62 | K26: 18 | L26: 왼쪽 적보다 체력 15% 증가. 접근 시차를 두고 발동. | M26: Elite | N26: 100 | O26: =ROUND(O25*(1+P26),0) -> 761 | P26: 0.15 | Q26: ='밸런스 조정'!$C$64 -> 0 | R26: ='밸런스 조정'!$C$65*IF(M26="Boss",5,IF(M26="Elite",2,1)) -> 20
B27: 25 | C27: Noryangjin_MapTool_Mode_SR18 | D27: SR18_L_E13_T149_Enemy_OldMan | E27: 1 | F27: 공격 반복 | G27: 2 | H27: 0 | I27: 8 | J27: 2 | K27: 12 | L27: 공격력·체력은 밸런스 조정 시트에서 계산. | M27: Normal | N27: =ROUND(N23*(1+'밸런스 조정'!$C$17),0) -> 4 | O27: =ROUND(O23*(1+P27),0) -> 427 | P27: ='밸런스 조정'!$C$18 -> 0.16 | Q27: ='밸런스 조정'!$C$64 -> 0 | R27: ='밸런스 조정'!$C$65*IF(M27="Boss",5,IF(M27="Elite",2,1)) -> 10
B28: 26 | C28: Noryangjin_MapTool_Mode_SR18 | D28: SR18_L_E13_T149_Enemy_OldMan_Right | E28: 1 | F28: 공격 반복 | G28: 2 | H28: 0 | I28: 5 | J28: 2 | K28: 12 | L28: 왼쪽 적보다 체력 15% 증가. 접근 시차를 두고 발동. | M28: Normal | N28: =N27 -> 4 | O28: =ROUND(O27*(1+P28),0) -> 491 | P28: 0.15 | Q28: ='밸런스 조정'!$C$64 -> 0 | R28: ='밸런스 조정'!$C$65*IF(M28="Boss",5,IF(M28="Elite",2,1)) -> 10
B29: 27 | C29: Noryangjin_MapTool_Mode_SR18 | D29: SR18_L_E14_T165_Enemy_OldMan | E29: 1 | F29: 공격 반복 | G29: 2 | H29: 0 | I29: 8 | J29: 2 | K29: 12 | L29: 공격력·체력은 밸런스 조정 시트에서 계산. | M29: Normal | N29: =ROUND(N27*(1+'밸런스 조정'!$C$17),0) -> 4 | O29: =ROUND(O27*(1+P29),0) -> 495 | P29: ='밸런스 조정'!$C$18 -> 0.16 | Q29: ='밸런스 조정'!$C$64 -> 0 | R29: ='밸런스 조정'!$C$65*IF(M29="Boss",5,IF(M29="Elite",2,1)) -> 10
B30: 28 | C30: Noryangjin_MapTool_Mode_SR18 | D30: SR18_L_E14_T165_Enemy_OldMan_Right | E30: 1 | F30: 공격 반복 | G30: 2 | H30: 0 | I30: 5 | J30: 2 | K30: 12 | L30: 왼쪽 적보다 체력 15% 증가. 접근 시차를 두고 발동. | M30: Normal | N30: =N29 -> 4 | O30: =ROUND(O29*(1+P30),0) -> 569 | P30: 0.15 | Q30: ='밸런스 조정'!$C$64 -> 0 | R30: ='밸런스 조정'!$C$65*IF(M30="Boss",5,IF(M30="Elite",2,1)) -> 10
B31: 29 | C31: Noryangjin_MapTool_Mode_SR18 | D31: SR18_L_E15_T173_Enemy_YllowMan_Sword | E31: 1 | F31: 왕복 | G31: 2.5 | H31: 8 | I31: 18 | J31: 2 | K31: 12 | L31: 공격력·체력은 밸런스 조정 시트에서 계산. | M31: Normal | N31: =ROUND(N29*(1+'밸런스 조정'!$C$17),0) -> 4 | O31: =ROUND(O29*(1+P31),0) -> 574 | P31: ='밸런스 조정'!$C$18 -> 0.16 | Q31: ='밸런스 조정'!$C$64 -> 0 | R31: ='밸런스 조정'!$C$65*IF(M31="Boss",5,IF(M31="Elite",2,1)) -> 10
B32: 30 | C32: Noryangjin_MapTool_Mode_SR18 | D32: SR18_L_E15_T173_Enemy_YllowMan_Sword_Right | E32: 1 | F32: 왕복 | G32: 2.5 | H32: 8 | I32: 14 | J32: 2 | K32: 12 | L32: 왼쪽 적보다 체력 15% 증가. 접근 시차를 두고 발동. | M32: Normal | N32: =N31 -> 4 | O32: =ROUND(O31*(1+P32),0) -> 660 | P32: 0.15 | Q32: ='밸런스 조정'!$C$64 -> 0 | R32: ='밸런스 조정'!$C$65*IF(M32="Boss",5,IF(M32="Elite",2,1)) -> 10
B33: 31 | C33: Noryangjin_MapTool_Mode_SR18 | D33: SR18_L_E16_T185_Enemy_OldMan | E33: 1 | F33: 공격 반복 | G33: 2 | H33: 0 | I33: 8 | J33: 2 | K33: 12 | L33: 공격력·체력은 밸런스 조정 시트에서 계산. | M33: Normal | N33: =ROUND(N31*(1+'밸런스 조정'!$C$17),0) -> 4 | O33: =ROUND(O31*(1+P33),0) -> 666 | P33: ='밸런스 조정'!$C$18 -> 0.16 | Q33: ='밸런스 조정'!$C$64 -> 0 | R33: ='밸런스 조정'!$C$65*IF(M33="Boss",5,IF(M33="Elite",2,1)) -> 10
B34: 32 | C34: Noryangjin_MapTool_Mode_SR18 | D34: SR18_L_E16_T185_Enemy_OldMan_Right | E34: 1 | F34: 공격 반복 | G34: 2 | H34: 0 | I34: 5 | J34: 2 | K34: 12 | L34: 왼쪽 적보다 체력 15% 증가. 접근 시차를 두고 발동. | M34: Normal | N34: =N33 -> 4 | O34: =ROUND(O33*(1+P34),0) -> 766 | P34: 0.15 | Q34: ='밸런스 조정'!$C$64 -> 0 | R34: ='밸런스 조정'!$C$65*IF(M34="Boss",5,IF(M34="Elite",2,1)) -> 10
B35: 33 | C35: Noryangjin_MapTool_Mode_SR18 | D35: SR18_L_E17_T197_Enemy_Guard | E35: 1 | F35: 전방 매복 사격 | G35: 3 | H35: 8 | I35: 16 | J35: 0.45 | K35: 11.9 | L35: 공격력·체력은 밸런스 조정 시트에서 계산. | M35: Normal | N35: =(ROUND(N33*(1+'밸런스 조정'!$C$17),0))*0.45 -> 1.8 | O35: =ROUND(O33*(1+P35),0) -> 773 | P35: ='밸런스 조정'!$C$18 -> 0.16 | Q35: ='밸런스 조정'!$C$64 -> 0 | R35: ='밸런스 조정'!$C$65*IF(M35="Boss",5,IF(M35="Elite",2,1)) -> 10
B36: 34 | C36: Noryangjin_MapTool_Mode_SR18 | D36: SR18_L_E17_T197_Enemy_Guard_Right | E36: 1 | F36: 전방 매복 사격 | G36: 3 | H36: 8 | I36: 12 | J36: 0.45 | K36: 11.9 | L36: 왼쪽 적보다 체력 15% 증가. 접근 시차를 두고 발동. | M36: Normal | N36: =N35 -> 1.8 | O36: =ROUND(O35*(1+P36),0) -> 889 | P36: 0.15 | Q36: ='밸런스 조정'!$C$64 -> 0 | R36: ='밸런스 조정'!$C$65*IF(M36="Boss",5,IF(M36="Elite",2,1)) -> 10
B37: 35 | C37: Noryangjin_MapTool_Mode_SR18 | D37: SR18_L_E18_T209_Enemy_YllowMan_Net | E37: 1 | F37: 공격 반복 | G37: 2 | H37: 0 | I37: 8 | J37: 2 | K37: 12 | L37: 공격력·체력은 밸런스 조정 시트에서 계산. | M37: Normal | N37: =ROUND(N35*(1+'밸런스 조정'!$C$17),0) -> 2 | O37: =ROUND(O35*(1+P37),0) -> 897 | P37: ='밸런스 조정'!$C$18 -> 0.16 | Q37: ='밸런스 조정'!$C$64 -> 0 | R37: ='밸런스 조정'!$C$65*IF(M37="Boss",5,IF(M37="Elite",2,1)) -> 10
B38: 36 | C38: Noryangjin_MapTool_Mode_SR18 | D38: SR18_L_E18_T209_Enemy_YllowMan_Net_Right | E38: 1 | F38: 공격 반복 | G38: 2 | H38: 0 | I38: 5 | J38: 2 | K38: 12 | L38: 왼쪽 적보다 체력 15% 증가. 접근 시차를 두고 발동. | M38: Normal | N38: =N37 -> 2 | O38: =ROUND(O37*(1+P38),0) -> 1032 | P38: 0.15 | Q38: ='밸런스 조정'!$C$64 -> 0 | R38: ='밸런스 조정'!$C$65*IF(M38="Boss",5,IF(M38="Elite",2,1)) -> 10
B39: 37 | C39: Noryangjin_MapTool_Mode_SR18 | D39: SR18_L_E19_T221_Enemy_YllowMan_Sword | E39: 1 | F39: 왕복 | G39: 1.4 | H39: 2 | I39: 18 | J39: 2 | K39: 12 | L39: 공격력·체력은 밸런스 조정 시트에서 계산. | M39: Normal | N39: =ROUND(N37*(1+'밸런스 조정'!$C$17),0) -> 2 | O39: =ROUND(O37*(1+P39),0) -> 1041 | P39: ='밸런스 조정'!$C$18 -> 0.16 | Q39: ='밸런스 조정'!$C$64 -> 0 | R39: ='밸런스 조정'!$C$65*IF(M39="Boss",5,IF(M39="Elite",2,1)) -> 10
B40: 38 | C40: Noryangjin_MapTool_Mode_SR18 | D40: SR18_L_E19_T221_Enemy_YllowMan_Sword_Right | E40: 1 | F40: 왕복 | G40: 1.4 | H40: 2 | I40: 14 | J40: 2 | K40: 12 | L40: 왼쪽 적보다 체력 15% 증가. 접근 시차를 두고 발동. | M40: Normal | N40: =N39 -> 2 | O40: =ROUND(O39*(1+P40),0) -> 1197 | P40: 0.15 | Q40: ='밸런스 조정'!$C$64 -> 0 | R40: ='밸런스 조정'!$C$65*IF(M40="Boss",5,IF(M40="Elite",2,1)) -> 10
B41: 39 | C41: Noryangjin_MapTool_Mode_SR18 | D41: SR18_L_E20_T233_Enemy_OldMan | E41: 1 | F41: 공격 반복 | G41: 2 | H41: 0 | I41: 8 | J41: 2 | K41: 12 | L41: 공격력·체력은 밸런스 조정 시트에서 계산. | M41: Normal | N41: =ROUND(N39*(1+'밸런스 조정'!$C$17),0) -> 2 | O41: =ROUND(O39*(1+P41),0) -> 1208 | P41: ='밸런스 조정'!$C$18 -> 0.16 | Q41: ='밸런스 조정'!$C$64 -> 0 | R41: ='밸런스 조정'!$C$65*IF(M41="Boss",5,IF(M41="Elite",2,1)) -> 10
B42: 40 | C42: Noryangjin_MapTool_Mode_SR18 | D42: SR18_L_E20_T233_Enemy_OldMan_Right | E42: 1 | F42: 공격 반복 | G42: 2 | H42: 0 | I42: 5 | J42: 2 | K42: 12 | L42: 왼쪽 적보다 체력 15% 증가. 접근 시차를 두고 발동. | M42: Normal | N42: =N41 -> 2 | O42: =ROUND(O41*(1+P42),0) -> 1389 | P42: 0.15 | Q42: ='밸런스 조정'!$C$64 -> 0 | R42: ='밸런스 조정'!$C$65*IF(M42="Boss",5,IF(M42="Elite",2,1)) -> 10
B43: 41 | C43: Noryangjin_MapTool_Mode_SR18 | D43: SR18_L_E21_T245_Enemy_YllowMan_Net | E43: 1 | F43: 공격 반복 | G43: 2 | H43: 0 | I43: 8 | J43: 2 | K43: 12 | L43: 공격력·체력은 밸런스 조정 시트에서 계산. | M43: Normal | N43: =ROUND(N41*(1+'밸런스 조정'!$C$17),0) -> 2 | O43: =ROUND(O41*(1+P43),0) -> 1401 | P43: ='밸런스 조정'!$C$18 -> 0.16 | Q43: ='밸런스 조정'!$C$64 -> 0 | R43: ='밸런스 조정'!$C$65*IF(M43="Boss",5,IF(M43="Elite",2,1)) -> 10
B44: 42 | C44: Noryangjin_MapTool_Mode_SR18 | D44: SR18_L_E21_T245_Enemy_YllowMan_Net_Right | E44: 1 | F44: 공격 반복 | G44: 2 | H44: 0 | I44: 5 | J44: 2 | K44: 12 | L44: 왼쪽 적보다 체력 15% 증가. 접근 시차를 두고 발동. | M44: Normal | N44: =N43 -> 2 | O44: =ROUND(O43*(1+P44),0) -> 1611 | P44: 0.15 | Q44: ='밸런스 조정'!$C$64 -> 0 | R44: ='밸런스 조정'!$C$65*IF(M44="Boss",5,IF(M44="Elite",2,1)) -> 10
B45: 43 | C45: Noryangjin_MapTool_Mode_SR18 | D45: SR18_L_E22_T257_Enemy_OldMan | E45: 1 | F45: 공격 반복 | G45: 2 | H45: 0 | I45: 8 | J45: 2 | K45: 12 | L45: 공격력·체력은 밸런스 조정 시트에서 계산. | M45: Normal | N45: =ROUND(N43*(1+'밸런스 조정'!$C$17),0) -> 2 | O45: =ROUND(O43*(1+P45),0) -> 1625 | P45: ='밸런스 조정'!$C$18 -> 0.16 | Q45: ='밸런스 조정'!$C$64 -> 0 | R45: ='밸런스 조정'!$C$65*IF(M45="Boss",5,IF(M45="Elite",2,1)) -> 10
B46: 44 | C46: Noryangjin_MapTool_Mode_SR18 | D46: SR18_L_E22_T257_Enemy_OldMan_Right | E46: 1 | F46: 공격 반복 | G46: 2 | H46: 0 | I46: 5 | J46: 2 | K46: 12 | L46: 왼쪽 적보다 체력 15% 증가. 접근 시차를 두고 발동. | M46: Normal | N46: =N45 -> 2 | O46: =ROUND(O45*(1+P46),0) -> 1869 | P46: 0.15 | Q46: ='밸런스 조정'!$C$64 -> 0 | R46: ='밸런스 조정'!$C$65*IF(M46="Boss",5,IF(M46="Elite",2,1)) -> 10
B47: 45 | C47: Noryangjin_MapTool_Mode_SR18 | D47: SR18_L_E23_T273_Enemy_OldMan | E47: 1 | F47: 공격 반복 | G47: 2 | H47: 0 | I47: 8 | J47: 2 | K47: 12 | L47: 공격력·체력은 밸런스 조정 시트에서 계산. | M47: Normal | N47: =ROUND(N45*(1+'밸런스 조정'!$C$17),0) -> 2 | O47: =ROUND(O45*(1+P47),0) -> 1885 | P47: ='밸런스 조정'!$C$18 -> 0.16 | Q47: ='밸런스 조정'!$C$64 -> 0 | R47: ='밸런스 조정'!$C$65*IF(M47="Boss",5,IF(M47="Elite",2,1)) -> 10
B48: 46 | C48: Noryangjin_MapTool_Mode_SR18 | D48: SR18_L_E23_T273_Enemy_OldMan_Right | E48: 1 | F48: 공격 반복 | G48: 2 | H48: 0 | I48: 5 | J48: 2 | K48: 12 | L48: 왼쪽 적보다 체력 15% 증가. 접근 시차를 두고 발동. | M48: Normal | N48: =N47 -> 2 | O48: =ROUND(O47*(1+P48),0) -> 2168 | P48: 0.15 | Q48: ='밸런스 조정'!$C$64 -> 0 | R48: ='밸런스 조정'!$C$65*IF(M48="Boss",5,IF(M48="Elite",2,1)) -> 10
B49: 47 | C49: Noryangjin_MapTool_Mode_SR18 | D49: SR18_L_E24_T281_Enemy_FatMan | E49: 1 | F49: 사격 | G49: 0 | H49: 0 | I49: 16 | J49: 0.62 | K49: 18 | L49: 공격력·체력은 밸런스 조정 시트에서 계산. | M49: Elite | N49: 100 | O49: =ROUND(O47*'밸런스 조정'!$C$20,0) -> 3393 | Q49: ='밸런스 조정'!$C$64 -> 0 | R49: ='밸런스 조정'!$C$65*IF(M49="Boss",5,IF(M49="Elite",2,1)) -> 20
B50: 48 | C50: Noryangjin_MapTool_Mode_SR18 | D50: SR18_L_E24_T281_Enemy_FatMan_Right | E50: 1 | F50: 사격 | G50: 0 | H50: 0 | I50: 16 | J50: 0.62 | K50: 18 | L50: 왼쪽 적보다 체력 15% 증가. 접근 시차를 두고 발동. | M50: Elite | N50: 100 | O50: =ROUND(O49*(1+P50),0) -> 3902 | P50: 0.15 | Q50: ='밸런스 조정'!$C$64 -> 0 | R50: ='밸런스 조정'!$C$65*IF(M50="Boss",5,IF(M50="Elite",2,1)) -> 20
B51: 49 | C51: Noryangjin_MapTool_Mode_SR18 | D51: SR18_L_E25_T293_Enemy_Woman | E51: 1 | F51: 공격 반복 | G51: 2 | H51: 0 | I51: 8 | J51: 2 | K51: 12 | L51: 공격력·체력은 밸런스 조정 시트에서 계산. | M51: Boss | N51: =ROUND(N47*'밸런스 조정'!$C$21,0) -> 6 | O51: =ROUND((ROUND(O47*'밸런스 조정'!$C$22,0))*1.5,0) -> 3704 | Q51: ='밸런스 조정'!$C$64 -> 0 | R51: ='밸런스 조정'!$C$65*IF(M51="Boss",5,IF(M51="Elite",2,1)) -> 50
B52: 50 | C52: Noryangjin_MapTool_Mode_SR18 | D52: SR18_L_E25_T293_Enemy_Woman_Right | E52: 0 | F52: 공격 반복 | G52: 2 | H52: 0 | I52: 5 | J52: 2 | K52: 12 | L52: 왼쪽 적보다 체력 15% 증가. 접근 시차를 두고 발동. | M52: Boss | N52: =N51 -> 6 | O52: =ROUND(O51*(1+P52),0) -> 4260 | P52: 0.15 | Q52: ='밸런스 조정'!$C$64 -> 0 | R52: ='밸런스 조정'!$C$65*IF(M52="Boss",5,IF(M52="Elite",2,1)) -> 50
B103: 111 | C103: RestStop | D103: RST_E06_ParkingMarshal | E103: 1 | F103: 왕복 | G103: 2.2 | H103: 1.2 | I103: 32 | J103: 0.65 | K103: 12 | L103: 안전 통로가 좌우로 번갈아 바뀌는 배치 | M103: Normal | N103: =ROUND('밸런스 조정'!$C$72*(1+'밸런스 조정'!$C$74)^5*IF(M113="Boss",'밸런스 조정'!$C$78,IF(M113="Elite",'밸런스 조정'!$C$76,1)),0) -> 772 | O103: =ROUND('밸런스 조정'!$C$73*(1+'밸런스 조정'!$C$75)^5*IF(M113="Boss",'밸런스 조정'!$C$79,IF(M113="Elite",'밸런스 조정'!$C$77,1)),0) -> 2553 | P103: ='밸런스 조정'!$C$75 -> 0.05 | Q103: ='밸런스 조정'!$C$64 -> 0 | R103: ='밸런스 조정'!$C$90*IF(M113="Boss",5,IF(M113="Elite",2,1)) -> 350
B104: 112 | C104: RestStop | D104: RST_E06_ParkingMarshal_Right | E104: 1 | F104: 왕복 | G104: 2.2 | H104: 1.2 | I104: 28 | J104: 0.65 | K104: 12 | L104: 왼쪽 적보다 체력 15% 증가. 접근 시차를 두고 발동. | M104: Normal | N104: =ROUND('밸런스 조정'!$C$72*(1+'밸런스 조정'!$C$74)^5*IF(M114="Boss",'밸런스 조정'!$C$78,IF(M114="Elite",'밸런스 조정'!$C$76,1)),0) -> 772 | O104: =ROUND(O113*(1+P114),0) -> 2936 | P104: 0.15 | Q104: ='밸런스 조정'!$C$64 -> 0 | R104: ='밸런스 조정'!$C$90*IF(M114="Boss",5,IF(M114="Elite",2,1)) -> 350
B105: 113 | C105: RestStop | D105: RST_E07_SnackChef | E105: 1 | F105: 왕복 | G105: 2.2 | H105: 1.2 | I105: 32 | J105: 0.65 | K105: 12 | L105: 안전 통로가 좌우로 번갈아 바뀌는 배치 | M105: Normal | N105: =ROUND('밸런스 조정'!$C$72*(1+'밸런스 조정'!$C$74)^6*IF(M115="Boss",'밸런스 조정'!$C$78,IF(M115="Elite",'밸런스 조정'!$C$76,1)),0) -> 799 | O105: =ROUND('밸런스 조정'!$C$73*(1+'밸런스 조정'!$C$75)^6*IF(M115="Boss",'밸런스 조정'!$C$79,IF(M115="Elite",'밸런스 조정'!$C$77,1)),0) -> 2680 | P105: ='밸런스 조정'!$C$75 -> 0.05 | Q105: ='밸런스 조정'!$C$64 -> 0 | R105: ='밸런스 조정'!$C$90*IF(M115="Boss",5,IF(M115="Elite",2,1)) -> 350
B106: 114 | C106: RestStop | D106: RST_E07_SnackChef_Right | E106: 1 | F106: 왕복 | G106: 2.2 | H106: 1.2 | I106: 28 | J106: 0.65 | K106: 12 | L106: 왼쪽 적보다 체력 15% 증가. 접근 시차를 두고 발동. | M106: Normal | N106: =ROUND('밸런스 조정'!$C$72*(1+'밸런스 조정'!$C$74)^6*IF(M116="Boss",'밸런스 조정'!$C$78,IF(M116="Elite",'밸런스 조정'!$C$76,1)),0) -> 799 | O106: =ROUND(O115*(1+P116),0) -> 3082 | P106: 0.15 | Q106: ='밸런스 조정'!$C$64 -> 0 | R106: ='밸런스 조정'!$C$90*IF(M116="Boss",5,IF(M116="Elite",2,1)) -> 350
B107: 115 | C107: RestStop | D107: RST_E08_CoffeeVendor | E107: 1 | F107: 사격 | G107: 2.2 | H107: 0 | I107: 16 | J107: 0.6 | K107: 10.2 | L107: 안전 통로가 좌우로 번갈아 바뀌는 배치 | M107: Normal | N107: =(ROUND('밸런스 조정'!$C$72*(1+'밸런스 조정'!$C$74)^7*IF(M117="Boss",'밸런스 조정'!$C$78,IF(M117="Elite",'밸런스 조정'!$C$76,1)),0))*0.45 -> 372.15 | O107: =ROUND('밸런스 조정'!$C$73*(1+'밸런스 조정'!$C$75)^7*IF(M117="Boss",'밸런스 조정'!$C$79,IF(M117="Elite",'밸런스 조정'!$C$77,1)),0) -> 2814 | P107: ='밸런스 조정'!$C$75 -> 0.05 | Q107: ='밸런스 조정'!$C$64 -> 0 | R107: ='밸런스 조정'!$C$90*IF(M117="Boss",5,IF(M117="Elite",2,1)) -> 350
B108: 116 | C108: RestStop | D108: RST_E08_CoffeeVendor_Right | E108: 1 | F108: 사격 | G108: 2.2 | H108: 0 | I108: 12 | J108: 0.6 | K108: 10.2 | L108: 왼쪽 적보다 체력 15% 증가. 접근 시차를 두고 발동. | M108: Normal | N108: =(ROUND('밸런스 조정'!$C$72*(1+'밸런스 조정'!$C$74)^7*IF(M118="Boss",'밸런스 조정'!$C$78,IF(M118="Elite",'밸런스 조정'!$C$76,1)),0))*0.45 -> 372.15 | O108: =ROUND(O117*(1+P118),0) -> 3236 | P108: 0.15 | Q108: ='밸런스 조정'!$C$64 -> 0 | R108: ='밸런스 조정'!$C$90*IF(M118="Boss",5,IF(M118="Elite",2,1)) -> 350
B109: 117 | C109: RestStop | D109: RST_E09_DeliveryRider | E109: 1 | F109: 사격 | G109: 2.2 | H109: 0 | I109: 16 | J109: 0.65 | K109: 10.2 | L109: 안전 통로가 좌우로 번갈아 바뀌는 배치 | M109: Normal | N109: =(ROUND('밸런스 조정'!$C$72*(1+'밸런스 조정'!$C$74)^8*IF(M119="Boss",'밸런스 조정'!$C$78,IF(M119="Elite",'밸런스 조정'!$C$76,1)),0))*0.45 -> 385.2 | O109: =ROUND('밸런스 조정'!$C$73*(1+'밸런스 조정'!$C$75)^8*IF(M119="Boss",'밸런스 조정'!$C$79,IF(M119="Elite",'밸런스 조정'!$C$77,1)),0) -> 2955 | P109: ='밸런스 조정'!$C$75 -> 0.05 | Q109: ='밸런스 조정'!$C$64 -> 0 | R109: ='밸런스 조정'!$C$90*IF(M119="Boss",5,IF(M119="Elite",2,1)) -> 350
B110: 118 | C110: RestStop | D110: RST_E09_DeliveryRider_Right | E110: 1 | F110: 사격 | G110: 2.2 | H110: 0 | I110: 12 | J110: 0.9 | K110: 10.2 | L110: 왼쪽 적보다 체력 15% 증가. 접근 시차를 두고 발동. | M110: Normal | N110: =(ROUND('밸런스 조정'!$C$72*(1+'밸런스 조정'!$C$74)^8*IF(M120="Boss",'밸런스 조정'!$C$78,IF(M120="Elite",'밸런스 조정'!$C$76,1)),0))*0.45 -> 385.2 | O110: =ROUND(O119*(1+P120),0) -> 3398 | P110: 0.15 | Q110: ='밸런스 조정'!$C$64 -> 0 | R110: ='밸런스 조정'!$C$90*IF(M120="Boss",5,IF(M120="Elite",2,1)) -> 350
B111: 119 | C111: RestStop | D111: RST_E10_TireBruiser | E111: 1 | F111: 사격 | G111: 2.2 | H111: 0 | I111: 16 | J111: 0.65 | K111: 10.2 | L111: 안전 통로가 좌우로 번갈아 바뀌는 배치 | M111: Elite | N111: =(ROUND('밸런스 조정'!$C$72*(1+'밸런스 조정'!$C$74)^9*IF(M121="Boss",'밸런스 조정'!$C$78,IF(M121="Elite",'밸런스 조정'!$C$76,1)),0))*0.45 -> 498.15 | O111: =ROUND('밸런스 조정'!$C$73*(1+'밸런스 조정'!$C$75)^9*IF(M121="Boss",'밸런스 조정'!$C$79,IF(M121="Elite",'밸런스 조정'!$C$77,1)),0) -> 4654 | P111: ='밸런스 조정'!$C$75 -> 0.05 | Q111: ='밸런스 조정'!$C$64 -> 0 | R111: ='밸런스 조정'!$C$90*IF(M121="Boss",5,IF(M121="Elite",2,1)) -> 700
B112: 120 | C112: RestStop | D112: RST_E10_TireBruiser_Right | E112: 1 | F112: 사격 | G112: 2.2 | H112: 0 | I112: 12 | J112: 0.9 | K112: 10.2 | L112: 왼쪽 적보다 체력 15% 증가. 접근 시차를 두고 발동. | M112: Elite | N112: =(ROUND('밸런스 조정'!$C$72*(1+'밸런스 조정'!$C$74)^9*IF(M122="Boss",'밸런스 조정'!$C$78,IF(M122="Elite",'밸런스 조정'!$C$76,1)),0))*0.45 -> 498.15 | O112: =ROUND(O121*(1+P122),0) -> 5352 | P112: 0.15 | Q112: ='밸런스 조정'!$C$64 -> 0 | R112: ='밸런스 조정'!$C$90*IF(M122="Boss",5,IF(M122="Elite",2,1)) -> 700
B113: 121 | C113: RestStop | D113: RST_E11_ParkingMarshal | E113: 0 | F113: 왕복 | G113: 2.2 | H113: 1.2 | I113: 32 | J113: 0.65 | K113: 12 | L113: 안전 통로가 좌우로 번갈아 바뀌는 배치 | M113: Normal | N113: =ROUND('밸런스 조정'!$C$72*(1+'밸런스 조정'!$C$74)^10*IF(M123="Boss",'밸런스 조정'!$C$78,IF(M123="Elite",'밸런스 조정'!$C$76,1)),0) -> 917 | O113: =ROUND('밸런스 조정'!$C$73*(1+'밸런스 조정'!$C$75)^10*IF(M123="Boss",'밸런스 조정'!$C$79,IF(M123="Elite",'밸런스 조정'!$C$77,1)),0) -> 3258 | P113: ='밸런스 조정'!$C$75 -> 0.05 | Q113: ='밸런스 조정'!$C$64 -> 0 | R113: ='밸런스 조정'!$C$90*IF(M123="Boss",5,IF(M123="Elite",2,1)) -> 350
B114: 122 | C114: RestStop | D114: RST_E11_ParkingMarshal_Right | E114: 0 | F114: 왕복 | G114: 2.2 | H114: 1.2 | I114: 28 | J114: 0.65 | K114: 12 | L114: 왼쪽 적보다 체력 15% 증가. 접근 시차를 두고 발동. | M114: Normal | N114: =ROUND('밸런스 조정'!$C$72*(1+'밸런스 조정'!$C$74)^10*IF(M124="Boss",'밸런스 조정'!$C$78,IF(M124="Elite",'밸런스 조정'!$C$76,1)),0) -> 917 | O114: =ROUND(O123*(1+P124),0) -> 3747 | P114: 0.15 | Q114: ='밸런스 조정'!$C$64 -> 0 | R114: ='밸런스 조정'!$C$90*IF(M124="Boss",5,IF(M124="Elite",2,1)) -> 350
B115: 123 | C115: RestStop | D115: RST_E12_SnackChef | E115: 0 | F115: 왕복 | G115: 2.2 | H115: 1.2 | I115: 32 | J115: 0.65 | K115: 12 | L115: 안전 통로가 좌우로 번갈아 바뀌는 배치 | M115: Normal | N115: =ROUND('밸런스 조정'!$C$72*(1+'밸런스 조정'!$C$74)^11*IF(M125="Boss",'밸런스 조정'!$C$78,IF(M125="Elite",'밸런스 조정'!$C$76,1)),0) -> 949 | O115: =ROUND('밸런스 조정'!$C$73*(1+'밸런스 조정'!$C$75)^11*IF(M125="Boss",'밸런스 조정'!$C$79,IF(M125="Elite",'밸런스 조정'!$C$77,1)),0) -> 3421 | P115: ='밸런스 조정'!$C$75 -> 0.05 | Q115: ='밸런스 조정'!$C$64 -> 0 | R115: ='밸런스 조정'!$C$90*IF(M125="Boss",5,IF(M125="Elite",2,1)) -> 350
B116: 124 | C116: RestStop | D116: RST_E12_SnackChef_Right | E116: 0 | F116: 왕복 | G116: 2.2 | H116: 1.2 | I116: 28 | J116: 0.65 | K116: 12 | L116: 왼쪽 적보다 체력 15% 증가. 접근 시차를 두고 발동. | M116: Normal | N116: =ROUND('밸런스 조정'!$C$72*(1+'밸런스 조정'!$C$74)^11*IF(M126="Boss",'밸런스 조정'!$C$78,IF(M126="Elite",'밸런스 조정'!$C$76,1)),0) -> 949 | O116: =ROUND(O125*(1+P126),0) -> 3934 | P116: 0.15 | Q116: ='밸런스 조정'!$C$64 -> 0 | R116: ='밸런스 조정'!$C$90*IF(M126="Boss",5,IF(M126="Elite",2,1)) -> 350
B117: 125 | C117: RestStop | D117: RST_E13_CoffeeVendor | E117: 1 | F117: 사격 | G117: 2.2 | H117: 0 | I117: 16 | J117: 0.6 | K117: 10.2 | L117: 안전 통로가 좌우로 번갈아 바뀌는 배치 | M117: Normal | N117: =(ROUND('밸런스 조정'!$C$72*(1+'밸런스 조정'!$C$74)^12*IF(M127="Boss",'밸런스 조정'!$C$78,IF(M127="Elite",'밸런스 조정'!$C$76,1)),0))*0.45 -> 441.9 | O117: =ROUND('밸런스 조정'!$C$73*(1+'밸런스 조정'!$C$75)^12*IF(M127="Boss",'밸런스 조정'!$C$79,IF(M127="Elite",'밸런스 조정'!$C$77,1)),0) -> 3592 | P117: ='밸런스 조정'!$C$75 -> 0.05 | Q117: ='밸런스 조정'!$C$64 -> 0 | R117: ='밸런스 조정'!$C$90*IF(M127="Boss",5,IF(M127="Elite",2,1)) -> 350
B118: 126 | C118: RestStop | D118: RST_E13_CoffeeVendor_Right | E118: 1 | F118: 사격 | G118: 2.2 | H118: 0 | I118: 12 | J118: 0.6 | K118: 10.2 | L118: 왼쪽 적보다 체력 15% 증가. 접근 시차를 두고 발동. | M118: Normal | N118: =(ROUND('밸런스 조정'!$C$72*(1+'밸런스 조정'!$C$74)^12*IF(M128="Boss",'밸런스 조정'!$C$78,IF(M128="Elite",'밸런스 조정'!$C$76,1)),0))*0.45 -> 441.9 | O118: =ROUND(O127*(1+P128),0) -> 4131 | P118: 0.15 | Q118: ='밸런스 조정'!$C$64 -> 0 | R118: ='밸런스 조정'!$C$90*IF(M128="Boss",5,IF(M128="Elite",2,1)) -> 350
B119: 127 | C119: RestStop | D119: RST_E14_DeliveryRider | E119: 1 | F119: 사격 | G119: 2.2 | H119: 0 | I119: 16 | J119: 0.65 | K119: 10.2 | L119: 안전 통로가 좌우로 번갈아 바뀌는 배치 | M119: Normal | N119: =(ROUND('밸런스 조정'!$C$72*(1+'밸런스 조정'!$C$74)^13*IF(M129="Boss",'밸런스 조정'!$C$78,IF(M129="Elite",'밸런스 조정'!$C$76,1)),0))*0.45 -> 457.65 | O119: =ROUND('밸런스 조정'!$C$73*(1+'밸런스 조정'!$C$75)^13*IF(M129="Boss",'밸런스 조정'!$C$79,IF(M129="Elite",'밸런스 조정'!$C$77,1)),0) -> 3771 | P119: ='밸런스 조정'!$C$75 -> 0.05 | Q119: ='밸런스 조정'!$C$64 -> 0 | R119: ='밸런스 조정'!$C$90*IF(M129="Boss",5,IF(M129="Elite",2,1)) -> 350
B120: 128 | C120: RestStop | D120: RST_E14_DeliveryRider_Right | E120: 1 | F120: 사격 | G120: 2.2 | H120: 0 | I120: 12 | J120: 0.9 | K120: 10.2 | L120: 왼쪽 적보다 체력 15% 증가. 접근 시차를 두고 발동. | M120: Normal | N120: =(ROUND('밸런스 조정'!$C$72*(1+'밸런스 조정'!$C$74)^13*IF(M130="Boss",'밸런스 조정'!$C$78,IF(M130="Elite",'밸런스 조정'!$C$76,1)),0))*0.45 -> 457.65 | O120: =ROUND(O129*(1+P130),0) -> 4337 | P120: 0.15 | Q120: ='밸런스 조정'!$C$64 -> 0 | R120: ='밸런스 조정'!$C$90*IF(M130="Boss",5,IF(M130="Elite",2,1)) -> 350
B121: 129 | C121: RestStop | D121: RST_E15_TireBruiser | E121: 1 | F121: 사격 | G121: 2.2 | H121: 0 | I121: 16 | J121: 0.65 | K121: 10.2 | L121: 안전 통로가 좌우로 번갈아 바뀌는 배치 | M121: Elite | N121: =(ROUND('밸런스 조정'!$C$72*(1+'밸런스 조정'!$C$74)^14*IF(M131="Boss",'밸런스 조정'!$C$78,IF(M131="Elite",'밸런스 조정'!$C$76,1)),0))*0.45 -> 591.75 | O121: =ROUND('밸런스 조정'!$C$73*(1+'밸런스 조정'!$C$75)^14*IF(M131="Boss",'밸런스 조정'!$C$79,IF(M131="Elite",'밸런스 조정'!$C$77,1)),0) -> 5940 | P121: ='밸런스 조정'!$C$75 -> 0.05 | Q121: ='밸런스 조정'!$C$64 -> 0 | R121: ='밸런스 조정'!$C$90*IF(M131="Boss",5,IF(M131="Elite",2,1)) -> 700
B122: 130 | C122: RestStop | D122: RST_E15_TireBruiser_Right | E122: 1 | F122: 사격 | G122: 2.2 | H122: 0 | I122: 12 | J122: 0.9 | K122: 10.2 | L122: 왼쪽 적보다 체력 15% 증가. 접근 시차를 두고 발동. | M122: Elite | N122: =(ROUND('밸런스 조정'!$C$72*(1+'밸런스 조정'!$C$74)^14*IF(M132="Boss",'밸런스 조정'!$C$78,IF(M132="Elite",'밸런스 조정'!$C$76,1)),0))*0.45 -> 591.75 | O122: =ROUND(O131*(1+P132),0) -> 6831 | P122: 0.15 | Q122: ='밸런스 조정'!$C$64 -> 0 | R122: ='밸런스 조정'!$C$90*IF(M132="Boss",5,IF(M132="Elite",2,1)) -> 700
B123: 131 | C123: RestStop | D123: RST_E16_ParkingMarshal | E123: 1 | F123: 왕복 | G123: 2.2 | H123: 1.2 | I123: 32 | J123: 0.65 | K123: 12 | L123: 안전 통로가 좌우로 번갈아 바뀌는 배치 | M123: Normal | N123: =ROUND('밸런스 조정'!$C$72*(1+'밸런스 조정'!$C$74)^15*IF(M133="Boss",'밸런스 조정'!$C$78,IF(M133="Elite",'밸런스 조정'!$C$76,1)),0) -> 1089 | O123: =ROUND('밸런스 조정'!$C$73*(1+'밸런스 조정'!$C$75)^15*IF(M133="Boss",'밸런스 조정'!$C$79,IF(M133="Elite",'밸런스 조정'!$C$77,1)),0) -> 4158 | P123: ='밸런스 조정'!$C$75 -> 0.05 | Q123: ='밸런스 조정'!$C$64 -> 0 | R123: ='밸런스 조정'!$C$90*IF(M133="Boss",5,IF(M133="Elite",2,1)) -> 350
B124: 132 | C124: RestStop | D124: RST_E16_ParkingMarshal_Right | E124: 1 | F124: 왕복 | G124: 2.2 | H124: 1.2 | I124: 28 | J124: 0.65 | K124: 12 | L124: 왼쪽 적보다 체력 15% 증가. 접근 시차를 두고 발동. | M124: Normal | N124: =ROUND('밸런스 조정'!$C$72*(1+'밸런스 조정'!$C$74)^15*IF(M134="Boss",'밸런스 조정'!$C$78,IF(M134="Elite",'밸런스 조정'!$C$76,1)),0) -> 1089 | O124: =ROUND(O133*(1+P134),0) -> 4782 | P124: 0.15 | Q124: ='밸런스 조정'!$C$64 -> 0 | R124: ='밸런스 조정'!$C$90*IF(M134="Boss",5,IF(M134="Elite",2,1)) -> 350
B125: 133 | C125: RestStop | D125: RST_E17_SnackChef | E125: 1 | F125: 왕복 | G125: 2.2 | H125: 1.2 | I125: 32 | J125: 0.65 | K125: 12 | L125: 안전 통로가 좌우로 번갈아 바뀌는 배치 | M125: Normal | N125: =ROUND('밸런스 조정'!$C$72*(1+'밸런스 조정'!$C$74)^16*IF(M135="Boss",'밸런스 조정'!$C$78,IF(M135="Elite",'밸런스 조정'!$C$76,1)),0) -> 1127 | O125: =ROUND('밸런스 조정'!$C$73*(1+'밸런스 조정'!$C$75)^16*IF(M135="Boss",'밸런스 조정'!$C$79,IF(M135="Elite",'밸런스 조정'!$C$77,1)),0) -> 4366 | P125: ='밸런스 조정'!$C$75 -> 0.05 | Q125: ='밸런스 조정'!$C$64 -> 0 | R125: ='밸런스 조정'!$C$90*IF(M135="Boss",5,IF(M135="Elite",2,1)) -> 350
B126: 134 | C126: RestStop | D126: RST_E17_SnackChef_Right | E126: 1 | F126: 왕복 | G126: 2.2 | H126: 1.2 | I126: 28 | J126: 0.65 | K126: 12 | L126: 왼쪽 적보다 체력 15% 증가. 접근 시차를 두고 발동. | M126: Normal | N126: =ROUND('밸런스 조정'!$C$72*(1+'밸런스 조정'!$C$74)^16*IF(M136="Boss",'밸런스 조정'!$C$78,IF(M136="Elite",'밸런스 조정'!$C$76,1)),0) -> 1127 | O126: =ROUND(O135*(1+P136),0) -> 5021 | P126: 0.15 | Q126: ='밸런스 조정'!$C$64 -> 0 | R126: ='밸런스 조정'!$C$90*IF(M136="Boss",5,IF(M136="Elite",2,1)) -> 350
B127: 135 | C127: HighWay | D127: HWY3_001_Sedan | E127: 1 | F127: 공격 반복 | G127: 12 | H127: 0 | I127: 150 | J127: 0 | K127: 0 | L127: 차량 적 · 원본 전투/성장/코인 시스템 | M127: Normal | N127: 0 | O127: ='밸런스 조정'!C154*'밸런스 조정'!C292*'밸런스 조정'!C145*(1+('몬스터 성장'!G6/'몬스터 성장'!F6-1)*(U127/'밸런스 조정'!C119)^'몬스터 성장'!H6) -> 103.53172 | P127: 0 | Q127: 0 | R127: 62 | S127: Sedan | T127: Common | U127: 82 | V127: 0 | W127: 0 | X127: 101 | Y127: 0
B128: 136 | C128: HighWay | D128: HWY3_002_Box | E128: 1 | F128: 공격 반복 | G128: 12 | H128: 0 | I128: 150 | J128: 0 | K128: 0 | L128: 차량 적 · 원본 전투/성장/코인 시스템 | M128: Normal | N128: 0 | O128: ='밸런스 조정'!C154*'밸런스 조정'!C292*'밸런스 조정'!C148*(1+('몬스터 성장'!G6/'몬스터 성장'!F6-1)*(U128/'밸런스 조정'!C119)^'몬스터 성장'!H6) -> 165.65075 | P128: 0 | Q128: 0 | R128: 62 | S128: Box | T128: Common | U128: 82 | V128: 1 | W128: 0 | X128: 101 | Y128: 0
B129: 137 | C129: HighWay | D129: HWY3_003_Tanker | E129: 1 | F129: 공격 반복 | G129: 12 | H129: 0 | I129: 150 | J129: 0 | K129: 0 | L129: 차량 적 · 원본 전투/성장/코인 시스템 | M129: Normal | N129: 0 | O129: ='밸런스 조정'!C154*'밸런스 조정'!C292*'밸런스 조정'!C149*(1+('몬스터 성장'!G6/'몬스터 성장'!F6-1)*(U129/'밸런스 조정'!C119)^'몬스터 성장'!H6) -> 207.06344 | P129: 0 | Q129: 0 | R129: 124 | S129: Tanker | T129: Common | U129: 82 | V129: 2 | W129: 0 | X129: 101 | Y129: 0
B130: 138 | C130: HighWay | D130: HWY3_004_Taxi | E130: 1 | F130: 공격 반복 | G130: 12 | H130: 0 | I130: 150 | J130: 0 | K130: 0 | L130: 차량 적 · 원본 전투/성장/코인 시스템 | M130: Normal | N130: 0 | O130: ='밸런스 조정'!C154*'밸런스 조정'!C292*'밸런스 조정'!C146*(1+('몬스터 성장'!G6/'몬스터 성장'!F6-1)*(U130/'밸런스 조정'!C119)^'몬스터 성장'!H6) -> 105.02985 | P130: 0 | Q130: 0 | R130: 62 | S130: Taxi | T130: Common | U130: 125 | V130: 0 | W130: 13.3 | X130: 102 | Y130: 0
B131: 139 | C131: HighWay | D131: HWY3_005_Tanker | E131: 1 | F131: 공격 반복 | G131: 12 | H131: 0 | I131: 150 | J131: 0 | K131: 0 | L131: 차량 적 · 원본 전투/성장/코인 시스템 | M131: Normal | N131: 0 | O131: ='밸런스 조정'!C154*'밸런스 조정'!C292*'밸런스 조정'!C149*(1+('몬스터 성장'!G6/'몬스터 성장'!F6-1)*(U131/'밸런스 조정'!C119)^'몬스터 성장'!H6) -> 210.0597 | P131: 0 | Q131: 0 | R131: 124 | S131: Tanker | T131: Common | U131: 125 | V131: 1 | W131: 13.3 | X131: 102 | Y131: 0
B132: 140 | C132: HighWay | D132: HWY3_006_OneTon | E132: 1 | F132: 공격 반복 | G132: 12 | H132: 0 | I132: 150 | J132: 0 | K132: 0 | L132: 차량 적 · 원본 전투/성장/코인 시스템 | M132: Normal | N132: 0 | O132: ='밸런스 조정'!C154*'밸런스 조정'!C292*'밸런스 조정'!C147*(1+('몬스터 성장'!G6/'몬스터 성장'!F6-1)*(U132/'밸런스 조정'!C119)^'몬스터 성장'!H6) -> 136.5388 | P132: 0 | Q132: 0 | R132: 62 | S132: OneTon | T132: Common | U132: 125 | V132: 2 | W132: 13.3 | X132: 102 | Y132: 0
B133: 141 | C133: HighWay | D133: HWY3_007_Sedan | E133: 1 | F133: 공격 반복 | G133: 12 | H133: 0 | I133: 150 | J133: 0 | K133: 0 | L133: 차량 적 · 원본 전투/성장/코인 시스템 | M133: Normal | N133: 0 | O133: ='밸런스 조정'!C154*'밸런스 조정'!C292*'밸런스 조정'!C145*(1+('몬스터 성장'!G6/'몬스터 성장'!F6-1)*(U133/'밸런스 조정'!C119)^'몬스터 성장'!H6) -> 106.18698 | P133: 0 | Q133: 0 | R133: 62 | S133: Sedan | T133: Common | U133: 150 | V133: 0 | W133: 38.3 | X133: 103 | Y133: 0
B134: 142 | C134: HighWay | D134: HWY3_008_OneTon | E134: 1 | F134: 공격 반복 | G134: 12 | H134: 0 | I134: 150 | J134: 0 | K134: 0 | L134: 차량 적 · 원본 전투/성장/코인 시스템 | M134: Normal | N134: 0 | O134: ='밸런스 조정'!C154*'밸런스 조정'!C292*'밸런스 조정'!C147*(1+('몬스터 성장'!G6/'몬스터 성장'!F6-1)*(U134/'밸런스 조정'!C119)^'몬스터 성장'!H6) -> 138.04308 | P134: 0 | Q134: 0 | R134: 62 | S134: OneTon | T134: Common | U134: 150 | V134: 1 | W134: 38.3 | X134: 103 | Y134: 0
B135: 143 | C135: HighWay | D135: HWY3_009_Box | E135: 1 | F135: 공격 반복 | G135: 12 | H135: 0 | I135: 150 | J135: 0 | K135: 0 | L135: 차량 적 · 원본 전투/성장/코인 시스템 | M135: Normal | N135: 0 | O135: ='밸런스 조정'!C154*'밸런스 조정'!C292*'밸런스 조정'!C148*(1+('몬스터 성장'!G6/'몬스터 성장'!F6-1)*(U135/'밸런스 조정'!C119)^'몬스터 성장'!H6) -> 169.89917 | P135: 0 | Q135: 0 | R135: 62 | S135: Box | T135: Common | U135: 150 | V135: 2 | W135: 38.3 | X135: 103 | Y135: 0
B136: 144 | C136: HighWay | D136: HWY3_010_OneTon | E136: 1 | F136: 공격 반복 | G136: 12 | H136: 0 | I136: 150 | J136: 0 | K136: 0 | L136: 차량 적 · 원본 전투/성장/코인 시스템 | M136: Normal | N136: 0 | O136: ='밸런스 조정'!C154*'밸런스 조정'!C292*'밸런스 조정'!C147*(1+('몬스터 성장'!G6/'몬스터 성장'!F6-1)*(U136/'밸런스 조정'!C119)^'몬스터 성장'!H6) -> 139.82085 | P136: 0 | Q136: 0 | R136: 62 | S136: OneTon | T136: Common | U136: 175 | V136: 0 | W136: 63.3 | X136: 104 | Y136: 0
B137: 145 | C137: HighWay | D137: HWY3_011_Taxi | E137: 1 | F137: 공격 반복 | G137: 12 | H137: 0 | I137: 150 | J137: 0 | K137: 0 | L137: 차량 적 · 원본 전투/성장/코인 시스템 | M137: Normal | N137: 0 | O137: ='밸런스 조정'!C154*'밸런스 조정'!C292*'밸런스 조정'!C146*(1+('몬스터 성장'!G6/'몬스터 성장'!F6-1)*(U137/'밸런스 조정'!C119)^'몬스터 성장'!H6) -> 107.5545 | P137: 0 | Q137: 0 | R137: 62 | S137: Taxi | T137: Common | U137: 175 | V137: 1 | W137: 63.3 | X137: 104 | Y137: 0
B138: 146 | C138: HighWay | D138: HWY3_012_Tanker | E138: 1 | F138: 공격 반복 | G138: 12 | H138: 0 | I138: 150 | J138: 0 | K138: 0 | L138: 차량 적 · 원본 전투/성장/코인 시스템 | M138: Normal | N138: 0 | O138: ='밸런스 조정'!C154*'밸런스 조정'!C292*'밸런스 조정'!C149*(1+('몬스터 성장'!G6/'몬스터 성장'!F6-1)*(U138/'밸런스 조정'!C119)^'몬스터 성장'!H6) -> 215.10901 | P138: 0 | Q138: 0 | R138: 124 | S138: Tanker | T138: Common | U138: 175 | V138: 2 | W138: 63.3 | X138: 104 | Y138: 0
B139: 147 | C139: HighWay | D139: HWY3_013_Box | E139: 1 | F139: 공격 반복 | G139: 12 | H139: 0 | I139: 150 | J139: 0 | K139: 0 | L139: 차량 적 · 원본 전투/성장/코인 시스템 | M139: Normal | N139: 0 | O139: ='밸런스 조정'!C154*'밸런스 조정'!C292*'밸런스 조정'!C148*(1+('몬스터 성장'!G6/'몬스터 성장'!F6-1)*(U139/'밸런스 조정'!C119)^'몬스터 성장'!H6) -> 174.61186 | P139: 0 | Q139: 0 | R139: 62 | S139: Box | T139: Common | U139: 200 | V139: 0 | W139: 88.3 | X139: 105 | Y139: 0
B140: 148 | C140: HighWay | D140: HWY3_014_Sedan | E140: 1 | F140: 공격 반복 | G140: 12 | H140: 0 | I140: 150 | J140: 0 | K140: 0 | L140: 차량 적 · 원본 전투/성장/코인 시스템 | M140: Normal | N140: 0 | O140: ='밸런스 조정'!C154*'밸런스 조정'!C292*'밸런스 조정'!C145*(1+('몬스터 성장'!G6/'몬스터 성장'!F6-1)*(U140/'밸런스 조정'!C119)^'몬스터 성장'!H6) -> 109.13241 | P140: 0 | Q140: 0 | R140: 62 | S140: Sedan | T140: Common | U140: 200 | V140: 1 | W140: 88.3 | X140: 105 | Y140: 0
B141: 149 | C141: HighWay | D141: HWY3_015_OneTon | E141: 1 | F141: 공격 반복 | G141: 12 | H141: 0 | I141: 150 | J141: 0 | K141: 0 | L141: 차량 적 · 원본 전투/성장/코인 시스템 | M141: Normal | N141: 0 | O141: ='밸런스 조정'!C154*'밸런스 조정'!C292*'밸런스 조정'!C147*(1+('몬스터 성장'!G6/'몬스터 성장'!F6-1)*(U141/'밸런스 조정'!C119)^'몬스터 성장'!H6) -> 141.87214 | P141: 0 | Q141: 0 | R141: 62 | S141: OneTon | T141: Common | U141: 200 | V141: 2 | W141: 88.3 | X141: 105 | Y141: 0
B142: 150 | C142: HighWay | D142: HWY3_016_Tanker | E142: 1 | F142: 공격 반복 | G142: 12 | H142: 0 | I142: 150 | J142: 0 | K142: 0 | L142: 차량 적 · 원본 전투/성장/코인 시스템 | M142: Normal | N142: 0 | O142: ='밸런스 조정'!C154*'밸런스 조정'!C292*'밸런스 조정'!C149*(1+('몬스터 성장'!G6/'몬스터 성장'!F6-1)*(U142/'밸런스 조정'!C119)^'몬스터 성장'!H6) -> 221.84142 | P142: 0 | Q142: 0 | R142: 124 | S142: Tanker | T142: Common | U142: 225 | V142: 0 | W142: 113.3 | X142: 106 | Y142: 0
B143: 151 | C143: HighWay | D143: HWY3_017_Taxi | E143: 1 | F143: 공격 반복 | G143: 12 | H143: 0 | I143: 150 | J143: 0 | K143: 0 | L143: 차량 적 · 원본 전투/성장/코인 시스템 | M143: Normal | N143: 0 | O143: ='밸런스 조정'!C154*'밸런스 조정'!C292*'밸런스 조정'!C146*(1+('몬스터 성장'!G6/'몬스터 성장'!F6-1)*(U143/'밸런스 조정'!C119)^'몬스터 성장'!H6) -> 110.92071 | P143: 0 | Q143: 0 | R143: 62 | S143: Taxi | T143: Common | U143: 225 | V143: 1 | W143: 113.3 | X143: 106 | Y143: 0
B144: 152 | C144: HighWay | D144: HWY3_018_Box | E144: 1 | F144: 공격 반복 | G144: 12 | H144: 0 | I144: 150 | J144: 0 | K144: 0 | L144: 차량 적 · 원본 전투/성장/코인 시스템 | M144: Normal | N144: 0 | O144: ='밸런스 조정'!C154*'밸런스 조정'!C292*'밸런스 조정'!C148*(1+('몬스터 성장'!G6/'몬스터 성장'!F6-1)*(U144/'밸런스 조정'!C119)^'몬스터 성장'!H6) -> 177.47314 | P144: 0 | Q144: 0 | R144: 62 | S144: Box | T144: Common | U144: 225 | V144: 2 | W144: 113.3 | X144: 106 | Y144: 0
B145: 153 | C145: HighWay | D145: HWY3_019_OneTon | E145: 1 | F145: 공격 반복 | G145: 12 | H145: 0 | I145: 150 | J145: 0 | K145: 0 | L145: 차량 적 · 원본 전투/성장/코인 시스템 | M145: Normal | N145: 0 | O145: ='밸런스 조정'!C154*'밸런스 조정'!C292*'밸런스 조정'!C147*(1+('몬스터 성장'!G6/'몬스터 성장'!F6-1)*(U145/'밸런스 조정'!C119)^'몬스터 성장'!H6) -> 169.90085 | P145: 0 | Q145: 0 | R145: 62 | S145: OneTon | T145: Common | U145: 410 | V145: 0 | W145: 298.3 | X145: 107 | Y145: 0
B146: 154 | C146: HighWay | D146: HWY3_020_Box | E146: 1 | F146: 공격 반복 | G146: 12 | H146: 0 | I146: 150 | J146: 0 | K146: 0 | L146: 차량 적 · 원본 전투/성장/코인 시스템 | M146: Normal | N146: 0 | O146: ='밸런스 조정'!C154*'밸런스 조정'!C292*'밸런스 조정'!C148*(1+('몬스터 성장'!G6/'몬스터 성장'!F6-1)*(U146/'밸런스 조정'!C119)^'몬스터 성장'!H6) -> 209.10874 | P146: 0 | Q146: 0 | R146: 62 | S146: Box | T146: Common | U146: 410 | V146: 1 | W146: 298.3 | X146: 107 | Y146: 0
B147: 155 | C147: HighWay | D147: HWY3_021_Sedan | E147: 1 | F147: 공격 반복 | G147: 12 | H147: 0 | I147: 150 | J147: 0 | K147: 0 | L147: 차량 적 · 원본 전투/성장/코인 시스템 | M147: Normal | N147: 0 | O147: ='밸런스 조정'!C154*'밸런스 조정'!C292*'밸런스 조정'!C145*(1+('몬스터 성장'!G6/'몬스터 성장'!F6-1)*(U147/'밸런스 조정'!C119)^'몬스터 성장'!H6) -> 130.69297 | P147: 0 | Q147: 0 | R147: 62 | S147: Sedan | T147: Common | U147: 410 | V147: 2 | W147: 298.3 | X147: 107 | Y147: 0
B148: 156 | C148: HighWay | D148: HWY3_022_Box | E148: 1 | F148: 공격 반복 | G148: 12 | H148: 0 | I148: 150 | J148: 0 | K148: 0 | L148: 차량 적 · 원본 전투/성장/코인 시스템 | M148: Normal | N148: 0 | O148: ='밸런스 조정'!C154*'밸런스 조정'!C292*'밸런스 조정'!C148*(1+('몬스터 성장'!G6/'몬스터 성장'!F6-1)*(U148/'밸런스 조정'!C119)^'몬스터 성장'!H6) -> 214.79763 | P148: 0 | Q148: 0 | R148: 62 | S148: Box | T148: Common | U148: 435 | V148: 0 | W148: 323.3 | X148: 108 | Y148: 0
B149: 157 | C149: HighWay | D149: HWY3_023_Tanker | E149: 1 | F149: 공격 반복 | G149: 12 | H149: 0 | I149: 150 | J149: 0 | K149: 0 | L149: 차량 적 · 원본 전투/성장/코인 시스템 | M149: Normal | N149: 0 | O149: ='밸런스 조정'!C154*'밸런스 조정'!C292*'밸런스 조정'!C149*(1+('몬스터 성장'!G6/'몬스터 성장'!F6-1)*(U149/'밸런스 조정'!C119)^'몬스터 성장'!H6) -> 268.49704 | P149: 0 | Q149: 0 | R149: 124 | S149: Tanker | T149: Common | U149: 435 | V149: 1 | W149: 323.3 | X149: 108 | Y149: 0
B150: 158 | C150: HighWay | D150: HWY3_024_Taxi | E150: 1 | F150: 공격 반복 | G150: 12 | H150: 0 | I150: 150 | J150: 0 | K150: 0 | L150: 차량 적 · 원본 전투/성장/코인 시스템 | M150: Normal | N150: 0 | O150: ='밸런스 조정'!C154*'밸런스 조정'!C292*'밸런스 조정'!C146*(1+('몬스터 성장'!G6/'몬스터 성장'!F6-1)*(U150/'밸런스 조정'!C119)^'몬스터 성장'!H6) -> 134.24852 | P150: 0 | Q150: 0 | R150: 62 | S150: Taxi | T150: Common | U150: 435 | V150: 2 | W150: 323.3 | X150: 108 | Y150: 0
...

Sheet 보너스 배치
B1: 값을 저장한 뒤 다음 Play부터 적용됩니다. 사용: 1=배치 유지, 0=숨김. 맵·배치ID·기믹종류는 연결용입니다.
B2: 순번 | C2: 맵 | D2: 배치ID | E2: 사용 | F2: 등급 | G2: 설명
B3: 1 | C3: Noryangjin_MapTool_Mode_SR18 | D3: SR18_L_B01_T009 | E3: 1 | F3: Normal | G3: 효과·최소·최대 수치: 보너스 시트
B4: 2 | C4: Noryangjin_MapTool_Mode_SR18 | D4: SR18_L_B02_T021 | E4: 1 | F4: Normal | G4: 효과·최소·최대 수치: 보너스 시트
B5: 3 | C5: Noryangjin_MapTool_Mode_SR18 | D5: SR18_L_B03_T033 | E5: 1 | F5: Normal | G5: 효과·최소·최대 수치: 보너스 시트
B6: 4 | C6: Noryangjin_MapTool_Mode_SR18 | D6: SR18_L_B04_T045 | E6: 1 | F6: Rare | G6: 효과·최소·최대 수치: 보너스 시트
B7: 5 | C7: Noryangjin_MapTool_Mode_SR18 | D7: SR18_L_B05_T057 | E7: 1 | F7: Normal | G7: 효과·최소·최대 수치: 보너스 시트
B8: 6 | C8: Noryangjin_MapTool_Mode_SR18 | D8: SR18_L_B06_T069 | E8: 1 | F8: Normal | G8: 효과·최소·최대 수치: 보너스 시트
B9: 7 | C9: Noryangjin_MapTool_Mode_SR18 | D9: SR18_L_B07_T081 | E9: 1 | F9: Normal | G9: 효과·최소·최대 수치: 보너스 시트
B10: 8 | C10: Noryangjin_MapTool_Mode_SR18 | D10: SR18_L_B08_T093 | E10: 1 | F10: Rare | G10: 효과·최소·최대 수치: 보너스 시트
B11: 9 | C11: Noryangjin_MapTool_Mode_SR18 | D11: SR18_L_B09_T105 | E11: 1 | F11: Normal | G11: 효과·최소·최대 수치: 보너스 시트
B12: 10 | C12: Noryangjin_MapTool_Mode_SR18 | D12: SR18_L_B10_T117 | E12: 1 | F12: Normal | G12: 효과·최소·최대 수치: 보너스 시트
B13: 11 | C13: Noryangjin_MapTool_Mode_SR18 | D13: SR18_L_B11_T129 | E13: 1 | F13: Normal | G13: 효과·최소·최대 수치: 보너스 시트
B14: 12 | C14: Noryangjin_MapTool_Mode_SR18 | D14: SR18_L_B12_T141 | E14: 1 | F14: Rare | G14: 효과·최소·최대 수치: 보너스 시트
... B65: 68 | C65: RestStop | D65: RST_B18 | E65: 1 | F65: Normal | G65: 좌우 중 하나 선택

Sheet 기믹 배치
B1: 값을 저장한 뒤 다음 Play부터 적용됩니다. 사용: 1=배치 유지, 0=숨김. 맵·배치ID·기믹종류는 연결용입니다.
B2: 순번 | C2: 맵 | D2: 배치ID | E2: 사용 | F2: 기믹종류 | G2: 효과값 | H2: 설명 | I2: 내구도 | J2: 예고초 | K2: 작동초 | L2: 이동폭
B3: 1 | C3: Noryangjin_MapTool_Mode_SR18 | D3: SR18_L_G01_T013_Bucket | E3: 0 | F3: Bucket | G3: 3 | H3: 3개 묶음 전체에 적용. 효과값: 바구니별 사격 금지 시간(초).
B4: 2 | C4: Noryangjin_MapTool_Mode_SR18 | D4: SR18_L_G02_T025_Light | E4: 1 | F4: Light | G4: 50 | H4: 효과값: 접촉 피해량. 기믹종류는 모델 확인용.
B5: 3 | C5: Noryangjin_MapTool_Mode_SR18 | D5: SR18_L_G03_T037_Hole | E5: 1 | F5: Hole | G5: 80 | H5: 파손된 판자 · 피해80, 생존하면 전진 유지
B6: 4 | C6: Noryangjin_MapTool_Mode_SR18 | D6: SR18_L_G04_T049_Bucket | E6: 1 | F6: Bucket | G6: 3 | H6: 3개 묶음 전체에 적용. 효과값: 바구니별 사격 금지 시간(초).
B7: 5 | C7: Noryangjin_MapTool_Mode_SR18 | D7: SR18_L_G05_T061_Light | E7: 1 | F7: Light | G7: 50 | H7: 효과값: 접촉 피해량. 기믹종류는 모델 확인용.
B8: 6 | C8: Noryangjin_MapTool_Mode_SR18 | D8: SR18_L_G06_T073_Hole | E8: 1 | F8: Hole | G8: 80 | H8: 파손된 판자 · 피해80, 생존하면 전진 유지
B9: 7 | C9: Noryangjin_MapTool_Mode_SR18 | D9: SR18_L_G07_T085_Bucket | E9: 1 | F9: Bucket | G9: 3 | H9: 3개 묶음 전체에 적용. 효과값: 바구니별 사격 금지 시간(초).
B10: 8 | C10: Noryangjin_MapTool_Mode_SR18 | D10: SR18_L_G08_T097_Oldman | E10: 1 | F10: Oldman | G10: ='밸런스 조정'!$C$67 -> 12 | H10: 노에 닿으면 피해를 받고 모델만 회전. 진행과 카메라 유지.
B11: 9 | C11: Noryangjin_MapTool_Mode_SR18 | D11: SR18_L_G09_T109_Hole | E11: 1 | F11: Hole | G11: 80 | H11: 파손된 판자 · 피해80, 생존하면 전진 유지
B12: 10 | C12: Noryangjin_MapTool_Mode_SR18 | D12: SR18_L_G10_T121_Oil | E12: 1 | F12: Oil | G12: ='밸런스 조정'!$C$48 -> 2 | H12: 잠시 좌우 조작 감소. 진행 방향과 사격 유지.
B13: 11 | C13: Noryangjin_MapTool_Mode_SR18 | D13: SR18_L_G11_T133_Light | E13: 1 | F13: Light | G13: 50 | H13: 효과값: 접촉 피해량. 기믹종류는 모델 확인용.
B14: 12 | C14: Noryangjin_MapTool_Mode_SR18 | D14: SR18_L_G12_T145_Hole | E14: 1 | F14: Hole | G14: 80 | H14: 파손된 판자 · 피해80, 생존하면 전진 유지
B15: 13 | C15: Noryangjin_MapTool_Mode_SR18 | D15: SR18_L_G13_T157_Bucket | E15: 1 | F15: Bucket | G15: 3 | H15: 3개 묶음 전체에 적용. 효과값: 바구니별 사격 금지 시간(초).
B16: 14 | C16: Noryangjin_MapTool_Mode_SR18 | D16: SR18_L_G14_T169_Light | E16: 1 | F16: Light | G16: 50 | H16: 효과값: 접촉 피해량. 기믹종류는 모델 확인용.
B17: 15 | C17: Noryangjin_MapTool_Mode_SR18 | D17: SR18_L_G15_T181_Bucket | E17: 1 | F17: Bucket | G17: 3 | H17: 3개 묶음 전체에 적용. 효과값: 바구니별 사격 금지 시간(초).
B18: 16 | C18: Noryangjin_MapTool_Mode_SR18 | D18: SR18_L_G16_T193_Seagull | E18: 1 | F18: Seagull | G18: ='밸런스 조정'!$C$49 -> 20 | H18: 그림자 예고 후 갈매기 급강하
B19: 17 | C19: Noryangjin_MapTool_Mode_SR18 | D19: SR18_L_G17_T205_Dolphin | E19: 1 | F19: Dolphin | G19: ='밸런스 조정'!$C$68 -> 3 | H19: 물가 점프 높이(m). 접촉 피해 없음.
B20: 18 | C20: Noryangjin_MapTool_Mode_SR18 | D20: SR18_L_G18_T217_Hole | E20: 1 | F20: Hole | G20: 80 | H20: 파손된 판자 · 피해80, 생존하면 전진 유지
B21: 19 | C21: Noryangjin_MapTool_Mode_SR18 | D21: SR18_L_G19_T229_Oil | E21: 1 | F21: Oil | G21: ='밸런스 조정'!$C$48 -> 2 | H21: 잠시 좌우 조작 감소. 진행 방향과 사격 유지.
B22: 20 | C22: Noryangjin_MapTool_Mode_SR18 | D22: SR18_L_G20_T241_Light | E22: 1 | F22: Light | G22: 50 | H22: 효과값: 접촉 피해량. 기믹종류는 모델 확인용.
B23: 21 | C23: Noryangjin_MapTool_Mode_SR18 | D23: SR18_L_G21_T253_Hole | E23: 1 | F23: Hole | G23: 80 | H23: 파손된 판자 · 피해80, 생존하면 전진 유지
B24: 22 | C24: Noryangjin_MapTool_Mode_SR18 | D24: SR18_L_G22_T265_Bucket | E24: 1 | F24: Bucket | G24: 3 | H24: 3개 묶음 전체에 적용. 효과값: 바구니별 사격 금지 시간(초).
B25: 23 | C25: Noryangjin_MapTool_Mode_SR18 | D25: SR18_L_G23_T277_Light | E25: 1 | F25: Light | G25: 50 | H25: 효과값: 접촉 피해량. 기믹종류는 모델 확인용.
B26: 24 | C26: Noryangjin_MapTool_Mode_SR18 | D26: SR18_L_G24_T289_Hole | E26: 1 | F26: Hole | G26: 80 | H26: 파손된 판자 · 피해80, 생존하면 전진 유지
B27: 25 | C27: Noryangjin_MapTool_Mode_SR18 | D27: SR18_Polish_Ship_2 | E27: 1 | F27: Ship | G27: ='밸런스 조정'!$C$50 -> 10 | H27: 해안에서 진행로를 향한 포격
B28: 26 | C28: HighWay | D28: HWY_G01_Roadblock | E28: 0 | F28: HighwayRoadblock | G28: ='밸런스 조정'!$C$38 -> 180 | H28: 예고와 진행 간격을 확보한 고속도로 장애물 | I28: ='밸런스 조정'!$C$41 -> 240 | J28: ='밸런스 조정'!$C$42 -> 1.8 | K28: ='밸런스 조정'!$C$43 -> 4 | L28: =0 -> 0
B29: 27 | C29: HighWay | D29: HWY_G02_Roadblock | E29: 0 | F29: HighwayRoadblock | G29: ='밸런스 조정'!$C$38 -> 180 | H29: 예고와 진행 간격을 확보한 고속도로 장애물 | I29: ='밸런스 조정'!$C$41 -> 240 | J29: ='밸런스 조정'!$C$42 -> 1.8 | K29: ='밸런스 조정'!$C$43 -> 4 | L29: =0 -> 0
B30: 28 | C30: HighWay | D30: HWY_G03_Roadblock | E30: 0 | F30: HighwayRoadblock | G30: ='밸런스 조정'!$C$38 -> 180 | H30: 예고와 진행 간격을 확보한 고속도로 장애물 | I30: ='밸런스 조정'!$C$41 -> 240 | J30: ='밸런스 조정'!$C$42 -> 1.8 | K30: ='밸런스 조정'!$C$43 -> 4 | L30: =0 -> 0
B31: 29 | C31: HighWay | D31: HWY_G04_Roadblock | E31: 0 | F31: HighwayRoadblock | G31: ='밸런스 조정'!$C$38 -> 180 | H31: 예고와 진행 간격을 확보한 고속도로 장애물 | I31: ='밸런스 조정'!$C$41 -> 240 | J31: ='밸런스 조정'!$C$42 -> 1.8 | K31: ='밸런스 조정'!$C$43 -> 4 | L31: =0 -> 0
B32: 30 | C32: HighWay | D32: HWY_G05_Roadblock | E32: 0 | F32: HighwayRoadblock | G32: ='밸런스 조정'!$C$38 -> 180 | H32: 예고와 진행 간격을 확보한 고속도로 장애물 | I32: ='밸런스 조정'!$C$41 -> 240 | J32: ='밸런스 조정'!$C$42 -> 1.8 | K32: ='밸런스 조정'!$C$43 -> 4 | L32: =0 -> 0
B33: 31 | C33: HighWay | D33: HWY_G06_Roadblock | E33: 0 | F33: HighwayRoadblock | G33: ='밸런스 조정'!$C$38 -> 180 | H33: 예고와 진행 간격을 확보한 고속도로 장애물 | I33: ='밸런스 조정'!$C$41 -> 240 | J33: ='밸런스 조정'!$C$42 -> 1.8 | K33: ='밸런스 조정'!$C$43 -> 4 | L33: =0 -> 0
B34: 32 | C34: HighWay | D34: HWY_G07_Roadblock | E34: 0 | F34: HighwayRoadblock | G34: ='밸런스 조정'!$C$38 -> 180 | H34: 예고와 진행 간격을 확보한 고속도로 장애물 | I34: ='밸런스 조정'!$C$41 -> 240 | J34: ='밸런스 조정'!$C$42 -> 1.8 | K34: ='밸런스 조정'!$C$43 -> 4 | L34: =0 -> 0
B35: 33 | C35: HighWay | D35: HWY_G08_Roadblock | E35: 0 | F35: HighwayRoadblock | G35: ='밸런스 조정'!$C$38 -> 180 | H35: 예고와 진행 간격을 확보한 고속도로 장애물 | I35: ='밸런스 조정'!$C$41 -> 240 | J35: ='밸런스 조정'!$C$42 -> 1.8 | K35: ='밸런스 조정'!$C$43 -> 4 | L35: =0 -> 0
B36: 34 | C36: HighWay | D36: HWY_G09_Roadblock | E36: 0 | F36: HighwayRoadblock | G36: ='밸런스 조정'!$C$38 -> 180 | H36: 예고와 진행 간격을 확보한 고속도로 장애물 | I36: ='밸런스 조정'!$C$41 -> 240 | J36: ='밸런스 조정'!$C$42 -> 1.8 | K36: ='밸런스 조정'!$C$43 -> 4 | L36: =0 -> 0
B37: 35 | C37: HighWay | D37: HWY_G10_Roadblock | E37: 0 | F37: HighwayRoadblock | G37: ='밸런스 조정'!$C$38 -> 180 | H37: 예고와 진행 간격을 확보한 고속도로 장애물 | I37: ='밸런스 조정'!$C$41 -> 240 | J37: ='밸런스 조정'!$C$42 -> 1.8 | K37: ='밸런스 조정'!$C$43 -> 4 | L37: =0 -> 0
B38: 36 | C38: HighWay | D38: HWY_G11_Roadblock | E38: 0 | F38: HighwayRoadblock | G38: ='밸런스 조정'!$C$38 -> 180 | H38: 예고와 진행 간격을 확보한 고속도로 장애물 | I38: ='밸런스 조정'!$C$41 -> 240 | J38: ='밸런스 조정'!$C$42 -> 1.8 | K38: ='밸런스 조정'!$C$43 -> 4 | L38: =0 -> 0
B39: 37 | C39: HighWay | D39: HWY_G12_Roadblock | E39: 0 | F39: HighwayRoadblock | G39: ='밸런스 조정'!$C$38 -> 180 | H39: 예고와 진행 간격을 확보한 고속도로 장애물 | I39: ='밸런스 조정'!$C$41 -> 240 | J39: ='밸런스 조정'!$C$42 -> 1.8 | K39: ='밸런스 조정'!$C$43 -> 4 | L39: =0 -> 0
... B41: 39 | C41: HighWay | D41: HWY_G14_Roadblock | E41: 0 | F41: HighwayRoadblock | G41: ='밸런스 조정'!$C$38 -> 180 | H41: 예고와 진행 간격을 확보한 고속도로 장애물 | I41: ='밸런스 조정'!$C$41 -> 240 | J41: ='밸런스 조정'!$C$42 -> 1.8 | K41: ='밸런스 조정'!$C$43 -> 4 | L41: =0 -> 0
B42: 40 | C42: HighWay | D42: HWY_G15_Traffic | E42: 0 | F42: HighwayTraffic | G42: ='밸런스 조정'!$C$39 -> 240 | H42: 예고와 진행 간격을 확보한 고속도로 장애물 | I42: =0 -> 0 | J42: ='밸런스 조정'!$C$42 -> 1.8 | K42: ='밸런스 조정'!$C$43 -> 4 | L42: ='밸런스 조정'!$C$45 -> 9
B43: 41 | C43: HighWay | D43: HWY_TollStation_1 | E43: 0 | F43: HighwayToll | G43: ='밸런스 조정'!$C$40 -> 280 | H43: 3차선 한 묶음. 모든 차선에 공통 주기 적용. | I43: =0 -> 0 | J43: ='밸런스 조정'!$C$42 -> 1.8 | K43: ='밸런스 조정'!$C$44 -> 6 | L43: =0 -> 0
B44: 42 | C44: HighWay | D44: HWY_G16_Traffic | E44: 0 | F44: HighwayTraffic | G44: ='밸런스 조정'!$C$39 -> 240 | H44: 예고와 진행 간격을 확보한 고속도로 장애물 | I44: =0 -> 0 | J44: ='밸런스 조정'!$C$42 -> 1.8 | K44: ='밸런스 조정'!$C$43 -> 4 | L44: ='밸런스 조정'!$C$45 -> 9
B45: 43 | C45: HighWay | D45: HWY_G17_Traffic | E45: 0 | F45: HighwayTraffic | G45: ='밸런스 조정'!$C$39 -> 240 | H45: 예고와 진행 간격을 확보한 고속도로 장애물 | I45: =0 -> 0 | J45: ='밸런스 조정'!$C$42 -> 1.8 | K45: ='밸런스 조정'!$C$43 -> 4 | L45: ='밸런스 조정'!$C$45 -> 9
B46: 44 | C46: HighWay | D46: HWY_TollStation_2 | E46: 0 | F46: HighwayToll | G46: ='밸런스 조정'!$C$40 -> 280 | H46: 3차선 한 묶음. 모든 차선에 공통 주기 적용. | I46: =0 -> 0 | J46: ='밸런스 조정'!$C$42 -> 1.8 | K46: ='밸런스 조정'!$C$44 -> 6 | L46: =0 -> 0
B47: 45 | C47: HighWay | D47: HWY_G18_Traffic | E47: 0 | F47: HighwayTraffic | G47: ='밸런스 조정'!$C$39 -> 240 | H47: 예고와 진행 간격을 확보한 고속도로 장애물 | I47: =0 -> 0 | J47: ='밸런스 조정'!$C$42 -> 1.8 | K47: ='밸런스 조정'!$C$43 -> 4 | L47: ='밸런스 조정'!$C$45 -> 9
B48: 46 | C48: HighWay | D48: HWY_G19_Traffic | E48: 0 | F48: HighwayTraffic | G48: ='밸런스 조정'!$C$39 -> 240 | H48: 예고와 진행 간격을 확보한 고속도로 장애물 | I48: =0 -> 0 | J48: ='밸런스 조정'!$C$42 -> 1.8 | K48: ='밸런스 조정'!$C$43 -> 4 | L48: ='밸런스 조정'!$C$45 -> 9
B49: 47 | C49: HighWay | D49: HWY_TollStation_3 | E49: 0 | F49: HighwayToll | G49: ='밸런스 조정'!$C$40 -> 280 | H49: 3차선 한 묶음. 모든 차선에 공통 주기 적용. | I49: =0 -> 0 | J49: ='밸런스 조정'!$C$42 -> 1.8 | K49: ='밸런스 조정'!$C$44 -> 6 | L49: =0 -> 0
B50: 48 | C50: HighWay | D50: HWY_G20_Traffic | E50: 0 | F50: HighwayTraffic | G50: ='밸런스 조정'!$C$39 -> 240 | H50: 예고와 진행 간격을 확보한 고속도로 장애물 | I50: =0 -> 0 | J50: ='밸런스 조정'!$C$42 -> 1.8 | K50: ='밸런스 조정'!$C$43 -> 4 | L50: ='밸런스 조정'!$C$45 -> 9
B51: 49 | C51: HighWay | D51: HWY_AddedRoadblock_1 | E51: 0 | F51: HighwayRoadblock | G51: ='밸런스 조정'!$C$38 -> 180 | H51: 예고와 진행 간격을 확보한 고속도로 장애물 | I51: ='밸런스 조정'!$C$41 -> 240 | J51: ='밸런스 조정'!$C$42 -> 1.8 | K51: ='밸런스 조정'!$C$43 -> 4 | L51: =0 -> 0
B52: 50 | C52: HighWay | D52: HWY_AddedRoadblock_2 | E52: 0 | F52: HighwayRoadblock | G52: ='밸런스 조정'!$C$38 -> 180 | H52: 예고와 진행 간격을 확보한 고속도로 장애물 | I52: ='밸런스 조정'!$C$41 -> 240 | J52: ='밸런스 조정'!$C$42 -> 1.8 | K52: ='밸런스 조정'!$C$43 -> 4 | L52: =0 -> 0
B53: 56 | C53: RestStop | D53: RST_G06 | E53: 1 | F53: HighwayRoadblock | G53: ='밸런스 조정'!$C$80 -> 500 | H53: 정비용 안전 바리케이드 | I53: ='밸런스 조정'!$C$83 -> 1250 | J53: 0 | K53: 0 | L53: 0
B54: 57 | C54: RestStop | D54: RST_G07 | E54: 1 | F54: HighwayTraffic | G54: ='밸런스 조정'!$C$81 -> 650 | H54: 주차장에서 나오는 차량 | I54: 0 | J54: ='밸런스 조정'!$C$84 -> 2 | K54: ='밸런스 조정'!$C$85 -> 5.5 | L54: ='밸런스 조정'!$C$87 -> 9
B55: 58 | C55: RestStop | D55: RST_G08 | E55: 1 | F55: HighwayRoadblock | G55: ='밸런스 조정'!$C$80 -> 500 | H55: 정비용 안전 바리케이드 | I55: ='밸런스 조정'!$C$83 -> 1250 | J55: 0 | K55: 0 | L55: 0
B56: 59 | C56: RestStop | D56: RST_G09 | E56: 1 | F56: HighwayToll | G56: ='밸런스 조정'!$C$82 -> 750 | H56: 주차장 차단기 | I56: 0 | J56: 0 | K56: ='밸런스 조정'!$C$86 -> 7 | L56: 0
B57: 60 | C57: RestStop | D57: RST_G10 | E57: 1 | F57: HighwayTraffic | G57: ='밸런스 조정'!$C$81 -> 650 | H57: 주차장에서 나오는 차량 | I57: 0 | J57: ='밸런스 조정'!$C$84 -> 2 | K57: ='밸런스 조정'!$C$85 -> 5.5 | L57: ='밸런스 조정'!$C$87 -> 9
B58: 61 | C58: RestStop | D58: RST_G11 | E58: 0 | F58: HighwayRoadblock | G58: ='밸런스 조정'!$C$80 -> 500 | H58: 정비용 안전 바리케이드 | I58: ='밸런스 조정'!$C$83 -> 1250 | J58: 0 | K58: 0 | L58: 0
B59: 62 | C59: RestStop | D59: RST_G12 | E59: 0 | F59: HighwayTraffic | G59: ='밸런스 조정'!$C$81 -> 650 | H59: 주차장에서 나오는 차량 | I59: 0 | J59: ='밸런스 조정'!$C$84 -> 2 | K59: ='밸런스 조정'!$C$85 -> 5.5 | L59: ='밸런스 조정'!$C$87 -> 9
B60: 63 | C60: RestStop | D60: RST_G13 | E60: 1 | F60: HighwayRoadblock | G60: ='밸런스 조정'!$C$80 -> 500 | H60: 정비용 안전 바리케이드 | I60: ='밸런스 조정'!$C$83 -> 1250 | J60: 0 | K60: 0 | L60: 0
B61: 64 | C61: RestStop | D61: RST_G14 | E61: 1 | F61: HighwayToll | G61: ='밸런스 조정'!$C$82 -> 750 | H61: 주차장 차단기 | I61: 0 | J61: 0 | K61: ='밸런스 조정'!$C$86 -> 7 | L61: 0
B62: 65 | C62: RestStop | D62: RST_G15 | E62: 1 | F62: HighwayTraffic | G62: ='밸런스 조정'!$C$81 -> 650 | H62: 주차장에서 나오는 차량 | I62: 0 | J62: ='밸런스 조정'!$C$84 -> 2 | K62: ='밸런스 조정'!$C$85 -> 5.5 | L62: ='밸런스 조정'!$C$87 -> 9
B63: 66 | C63: RestStop | D63: RST_G16 | E63: 1 | F63: HighwayRoadblock | G63: ='밸런스 조정'!$C$80 -> 500 | H63: 정비용 안전 바리케이드 | I63: ='밸런스 조정'!$C$83 -> 1250 | J63: 0 | K63: 0 | L63: 0
B64: 67 | C64: RestStop | D64: RST_G17 | E64: 1 | F64: HighwayTraffic | G64: ='밸런스 조정'!$C$81 -> 650 | H64: 주차장에서 나오는 차량 | I64: 0 | J64: ='밸런스 조정'!$C$84 -> 2 | K64: ='밸런스 조정'!$C$85 -> 5.5 | L64: ='밸런스 조정'!$C$87 -> 9

Sheet 밸런스 조정
B1: 노량진 성장과 구매 비용
B2: 항목 | C2: 기본값 | D2: 레벨당 증가 | E2: 첫 가격 | F2: 가격 증가 | G2: 수치 타입 | H2: 가격 타입
B3: ATT | C3: 0 | D3: 4 | E3: 10 | F3: 5 | G3: value | H3: Coin
B4: HP | C4: 0 | D4: 20 | E4: 10 | F4: 5 | G4: value | H4: Coin
B5: ATT_SPEED | C5: 0 | D5: 5 | E5: 45 | F5: 20 | G5: percent | H5: Coin
B6: PROJECTILE_SPEED | C6: 0 | D6: 4 | E6: 40 | F6: 16 | G6: percent | H6: Coin
B7: BOSS_DAMAGE | C7: 0 | D7: 8 | E7: 60 | F7: 25 | G7: percent | H7: Coin
B8: COIN_BONUS | C8: 0 | D8: 8 | E8: 70 | F8: 35 | G8: percent | H8: Coin
B9: HP_REGEN | C9: 0 | D9: 0.1 | E9: 80 | F9: 35 | G9: value | H9: Coin
B10: TUNGTUNGTUNG | C10: 95 | D10: 5 | E10: 450 | F10: 120 | G10: percent | H10: Coin
B11: BOOMBAR | C11: 125 | D11: 5 | E11: 550 | F11: 150 | G11: percent | H11: Coin
B14: 적 성장 기준 | C14: 값
B15: 첫 일반 공격력 | C15: 8
B16: 첫 일반 체력 | C16: 45
B17: 일반 공격력 증가율 | C17: 0.04
B18: 일반 체력 증가율 | C18: 0.16
B19: 엘리트 공격력 배수 | C19: 1.6
B20: 엘리트 체력 배수 | C20: 1.8
B21: 보스 공격력 배수 | C21: 3
B22: 보스 체력 배수 | C22: 1.31
B23: 두 번째 일반 적 체력 | C23: 55
B24: 첫 성장 벽 체력 | C24: 130
B25: 약 20회 도전 목표. 첫 도전 약 30초, 실제 획득 코인과 업그레이드 구매로 진행을 검증.
B28: 고속도로 전투와 기믹
B29: 항목 | C29: 값 | D29: 설명
B30: 첫 일반 공격력 | C30: 220 | D30: 투사체 기본 피해
B31: 첫 일반 체력 | C31: 500 | D31: 첫 전투 기준
B32: 공격력 증가율 | C32: 0.035 | D32: 배치 순서마다 증가
B33: 체력 증가율 | C33: 0.075 | D33: 배치 순서마다 증가
B34: 엘리트 공격력 배수 | C34: 1.25 | D34: 일반 성장값에 적용
B35: 엘리트 체력 배수 | C35: 1.5 | D35: 일반 성장값에 적용
B36: 보스 공격력 배수 | C36: 1.8 | D36: 마지막 대장에 적용
B37: 보스 체력 배수 | C37: 1.85 | D37: 마지막 대장에 적용
B38: 도로 장애물 피해 | C38: 180 | D38: 충돌 시 피해
B39: 차량 충돌 피해 | C39: 240 | D39: 횡단 차량의 피해
B40: 차단기 충돌 피해 | C40: 280 | D40: 닫힌 차단기의 피해
B41: 장애물 내구도 | C41: 240 | D41: 사격으로 부술 수 있음
... B45: 차량 이동 폭 | C45: 9 | D45: 좌우 횡단 거리
B47: 노량진 추가 기믹
B48: 기름 웅덩이 지속 시간 | C48: 2 | D48: 조작 감도 55%, 중첩 없음
B49: 갈매기 급강하 피해 | C49: 20 | D49: 그림자를 보고 회피
B50: 해안 배 포격 피해 | C50: 10 | D50: 물가에서 진행로를 조준
B53: 챕터 진행과 배치 | C53: 값 | D53: 설명
B54: 첫 도전 목표(초) | C54: 30 | D54: 새 진행 기준
B55: 도전당 목표 증가(초) | C55: 12 | D55: 강화 후 10~15초 증가 목표. 보너스·조작 편차.
B56: 첫 클리어 목표(판) | C56: 25 | D56: 첫 챕터 20~30판 목표. 획득 코인으로 강화 구매하며 검증.
B57: 노량진 완주 목표(초) | C57: 300 | D57: 길이·속도로 결정
B58: 고속도로 완주 목표(초) | C58: 300 | D58: 길이·속도로 결정
B59: 노량진 전진 속도 | C59: 8.84 | D59: 월드 유닛/초
B60: 고속도로 전진 속도 | C60: 7.8 | D60: 월드 유닛/초
B61: 보너스 선택 묶음 | C61: 25 | D61: 좌우 선택지 한 쌍
B62: 적 개체 | C62: 50 | D62: 두 명씩25구간
B63: 기믹 구간 | C63: 25 | D63: 양동이·차선 묶음 단위
B64: 적 처치 보너스 드롭 | C64: 0 | D64: 0: 끔 / 1: 켬
B65: 일반 적 코인 보상 | C65: 10 | D65: 엘리트2배, 보스5배
... B69: 후반 강화 가격 계수 | C69: 2 | D69: 4레벨 이후 가격 증가
B71: 휴게소 전투와 성장 | C71: 값 | D71: 설명 | J71: 챕터별 성장 목표
B72: 첫 일반 공격력 | C72: 650 | D72: 고속도로 후반에서 이어지는 투사체 피해 | J72: 챕터 | K72: 이름 | L72: 도전 목표 | M72: 누적 도전 | N72: 체력 레벨 | O72: 공격 레벨 | P72: 일반 코인 | Q72: 완주 초 | R72: 첫 완주 보석
B73: 첫 일반 체력 | C73: 2000 | D73: 고속도로 후반 일반 적 체력에 맞춘 진입 기준 | J73: 1 | K73: 노량진 | L73: 25 | M73: =L73 -> 25 | N73: 12 | O73: 10 | P73: 10 | Q73: 300 | R73: =C100 -> 20
B74: 공격력 증가율 | C74: 0.035 | D74: 구간 순서마다 증가 | J74: 2 | K74: 고속도로 | L74: 20 | M74: =M73+L74 -> 45 | N74: 24 | O74: 20 | P74: =C91 -> 62 | Q74: 300 | R74: =C102 -> 25
B75: 체력 증가율 | C75: 0.05 | D75: 구간 순서마다 증가 | J75: 3 | K75: 휴게소 | L75: 20 | M75: =M74+L75 -> 65 | N75: 36 | O75: 30 | P75: =C90 -> 350 | Q75: 300 | R75: =C104 -> 30
B76: 엘리트 공격력 배수 | C76: 1.25 | D76: 일반 성장값에 적용 | J76: 4 | K76: 챕터4 | L76: 20 | M76: =M75+L76 -> 85 | N76: 48 | O76: 40 | P76: 700 | Q76: 300 | R76: 35
B77: 엘리트 체력 배수 | C77: 1.5 | D77: 일반 성장값에 적용 | J77: 5 | K77: 챕터5 | L77: 20 | M77: =M76+L77 -> 105 | N77: 60 | O77: 50 | P77: 1200 | Q77: 300 | R77: 40
B78: 보스 공격력 배수 | C78: 1.8 | D78: 마지막 구간에 적용
B79: 보스 체력 배수 | C79: 2.6 | D79: 마지막 구간에 적용 | J79: 4·5챕터 수치는 후속 씬의 설계 기준입니다.
B80: 정비 바리케이드 피해 | C80: 500 | D80: 충돌 시 피해
B81: 출차 차량 피해 | C81: 650 | D81: 예고 후 차량 횡단
B82: 주차 차단기 피해 | C82: 750 | D82: 닫힌 통로에 부딪힌 피해
B83: 바리케이드 내구도 | C83: 1250 | D83: 사격으로 파괴 가능
B84: 출차 예고 시간 | C84: 2 | D84: 초
B85: 차량 횡단 시간 | C85: 5.5 | D85: 초
B86: 차단기 전환 주기 | C86: 7 | D86: 초
B87: 차량 이동 폭 | C87: 9 | D87: 월드 유닛
B88: 휴게소 전진 속도 | C88: 7.8 | D88: 전진 약269초 + 식당 방어전30초
B89: 휴게소 완주 목표 | C89: 300 | D89: 초
B90: 휴게소 일반 적 코인 | C90: 350 | D90: 완주 반복 검증으로 조정, 엘리트2배/보스5배
B91: 고속도로 일반 적 코인 | C91: 62 | D91: 2챕터 강화 비용 반영, 엘리트2배/보스5배
B92: 공격력 최대 레벨 | C92: =MAX(업그레이드!D3:D62) -> 60 | D92: 강화 표에서 계산
B93: 체력 최대 레벨 | C93: =MAX(업그레이드!D63:D122) -> 60 | D93: 강화 표에서 계산
B94: 회복 후반 성장 계수 | C94: 0.02 | D94: 레벨 × (레벨−1), 초당 회복량
B95: 진행 보상 간격 | C95: 15 | D95: 완료한 구간마다 계산(초)
B96: 고속도로 진행 코인 | C96: 62 | D96: 한 구간을 진행한 기본 보상
B97: 휴게소 진행 코인 | C97: 350 | D97: 한 구간을 진행한 기본 보상
B98: 진행 보상 최대 구간 | C98: 20 | D98: 300초 완주 기준
B99: 노량진 진행 코인 | C99: 0 | D99: 기존 처치 보상 유지
B100: 노량진 첫 완주 보석 | C100: 20 | D100: 스킨 구매를 위한 첫 완주 보상
B101: 노량진 재완주 보석 | C101: 5 | D101: 같은 챕터를 다시 완주한 보상
B102: 고속도로 첫 완주 보석 | C102: 25 | D102: 챕터별 첫 지급 여부를 저장
B103: 고속도로 재완주 보석 | C103: 5 | D103: 한 번의 완주에 한 번 지급
B104: 휴게소 첫 완주 보석 | C104: 30 | D104: 광고 없이 스킨 구매 가능
B105: 휴게소 재완주 보석 | C105: 5 | D105: 반복 완주의 추가 보상
... B107: 휴게소 코인 수집 범위 | C107: 3.2 | D107: 월드 유닛, 높이 차가 큰 층간 수집 제외
B109: 고속도로 분기와 식당 방어전 | C109: 값 | D109: 설명
B110: 정면 차량 경고 시간 | C110: 2.2 | D110: 초, 경고한 차로로만 접근
B111: 정면 차량 속도 | C111: 16 | D111: 월드 유닛/초
B112: 정면 차량 충돌 피해 | C112: 220 | D112: 차량마다 한 번 적용
B113: 초록 우회로 회복 비율 | C113: 0.1 | D113: 최대 체력 기준, 우회로마다 한 번
B114: 식당 방어전 시간 | C114: 30 | D114: 초, 일시정지 시간 제외
B115: 식당 경찰 체력 | C115: 520 | D115: 접촉 시 남은 체력만큼 피해
B116: 식당 경찰 이동 속도 | C116: 3.2 | D116: 월드 유닛/초, 마지막 구간 12% 증가
...

Sheet 커스터마이징
B1: 상어의 피부·신발·모자. 장착한 세 부위의 효과가 함께 적용됩니다.
B2: ID | C2: 부위 | D2: 이름 | E2: 가격타입 | F2: 가격 | G2: 비주얼 | H2: 기본 | I2: 설명 | J2: 효과 | K2: 효과값 | L2: 효과타입
B3: skin_original | C3: Skin | D3: 저주받은 상어 | E3: Jewel | F3: 0 | G3: skin_original | H3: 1 | I3: 훔친 신발이 남긴 푸른 저주의 흔적 | K3: 0 | L3: Percent
B4: skin_coral | C4: Skin | D4: 벚꽃 상어 | E4: Jewel | F4: 250 | G4: skin_coral | H4: 0 | I4: 은은한 분홍빛과 밝은 배색의 상어 | J4: HP | K4: 20 | L4: Percent
B5: skin_ice | C5: Skin | D5: 빙하 상어 | E5: Jewel | F5: 350 | G5: skin_ice | H5: 0 | I5: 얼음처럼 갈라진 차가운 피부 문양 | J5: ATT_SPEED | K5: 20 | L5: Percent
B6: skin_sand | C6: Skin | D6: 오래된 유목 | E6: Jewel | F6: 450 | G6: skin_sand | H6: 0 | I6: 오랜 항해를 닮은 나뭇결 문양 | J6: HP | K6: 32 | L6: Percent
B7: skin_armor | C7: Skin | D7: 해안 경비대 | E7: Jewel | F7: 700 | G7: skin_armor | H7: 0 | I7: 해안 위장무늬와 단단한 인상 | J7: HP | K7: 48 | L7: Percent
B8: skin_raider | C8: Skin | D8: 심해 생존자 | E8: Jewel | F8: 600 | G8: skin_raider | H8: 0 | I8: 깊은 바다에서 돌아온 거친 피부 | J8: ATT | K8: 32 | L8: Percent
B9: skin_relic | C9: Skin | D9: 용암의 심장 | E9: Jewel | F9: 900 | G9: skin_relic | H9: 0 | I9: 검은 표면 사이로 흐르는 붉은 균열 | J9: BOSS_DAMAGE | K9: 48 | L9: Percent
B10: skin_diver | C10: Skin | D10: 네온 잠수부 | E10: Jewel | F10: 650 | G10: skin_diver | H10: 0 | I10: 회로와 금속 패널이 이어진 피부 | J10: HP_REGEN | K10: 0.6 | L10: Value
B11: shoes_original | C11: Shoes | D11: 푸른 운동화 | E11: Jewel | F11: 0 | G11: shoes_original | H11: 1 | I11: 저주의 시작이 된 푸른 운동화 | K11: 0 | L11: Percent
B12: shoes_ruby | C12: Shoes | D12: 코퍼 하이탑 | E12: Jewel | F12: 200 | G12: shoes_ruby | H12: 0 | I12: 통풍 패널과 구리빛 포인트의 하이탑 | J12: ATT | K12: 16 | L12: Percent
B13: shoes_mint | C13: Shoes | D13: 폴라 부츠 | E13: Jewel | F13: 300 | G13: shoes_mint | H13: 0 | I13: 퀼팅 원단과 두툼한 방한 칼라 | J13: ATT_SPEED | K13: 16 | L13: Percent
B14: shoes_gold | C14: Shoes | D14: 선장 로퍼 | E14: Jewel | F14: 400 | G14: shoes_gold | H14: 0 | I14: 짙은 가죽과 황동 버클의 갑판화 | J14: COIN_BONUS | K14: 24 | L14: Percent
B15: shoes_steel | C15: Shoes | D15: 강철 워커 | E15: Jewel | F15: 600 | G15: shoes_steel | H15: 0 | I15: 금속 앞코와 튼튼한 작업용 밑창 | J15: ATT | K15: 32 | L15: Percent
B16: shoes_spring | C16: Shoes | D16: 스프링 러너 | E16: Jewel | F16: 750 | G16: shoes_spring | H16: 0 | I16: 탄성 프레임을 갖춘 가벼운 러닝화 | J16: ATT_SPEED | K16: 32 | L16: Percent
B17: shoes_relic | C17: Shoes | D17: 파도 유물화 | E17: Jewel | F17: 900 | G17: shoes_relic | H17: 0 | I17: 파도 장식과 푸른 보석의 유물 부츠 | J17: PROJECTILE_SPEED | K17: 40 | L17: Percent
B18: shoes_salvage | C18: Shoes | D18: 잠수 작업화 | E18: Jewel | F18: 650 | G18: shoes_salvage | H18: 0 | I18: 잠수 장비를 닮은 단단한 작업화 | J18: COIN_BONUS | K18: 40 | L18: Percent
B19: hat_none | C19: Hat | D19: 머리 장비 없음 | E19: Jewel | F19: 0 | G19: hat_none | H19: 1 | I19: 저주만으로도 충분히 무겁다 | K19: 0 | L19: Percent
B20: hat_cap | C20: Hat | D20: 항해사 캡 | E20: Jewel | F20: 250 | G20: hat_cap | H20: 0 | I20: 항해사의 실용적인 캔버스 캡 | J20: COIN_BONUS | K20: 16 | L20: Percent
B21: hat_bucket | C21: Hat | D21: 방수 버킷햇 | E21: Jewel | F21: 350 | G21: hat_bucket | H21: 0 | I21: 짙은 청록색의 넓은 방수 챙 | J21: HP | K21: 20 | L21: Percent
B22: hat_tophat | C22: Hat | D22: 야간 정비사 | E22: Jewel | F22: 500 | G22: hat_tophat | H22: 0 | I22: 정비 장식이 달린 작업용 톱햇 | J22: BOSS_DAMAGE | K22: 32 | L22: Percent
B23: hat_goggles | C23: Hat | D23: 야간 고글 | E23: Jewel | F23: 650 | G23: hat_goggles | H23: 0 | I23: 황동 프레임과 짙은 렌즈 | J23: ATT | K23: 24 | L23: Percent
B24: hat_diver | C24: Hat | D24: 황동 잠수모 | E24: Jewel | F24: 850 | G24: hat_diver | H24: 0 | I24: 얼굴이 보이는 개방형 황동 잠수모 | J24: HP | K24: 40 | L24: Percent
B25: hat_pirate | C25: Hat | D25: 검은 돛 선장모 | E25: Jewel | F25: 750 | G25: hat_pirate | H25: 0 | I25: 해진 가죽과 나침반 장식의 삼각모 | J25: PROJECTILE_SPEED | K25: 32 | L25: Percent
B26: hat_relic | C26: Hat | D26: 파도의 관 | E26: Jewel | F26: 1000 | G26: hat_relic | H26: 0 | I26: 짧은 파도 장식과 터키석의 금빛 관 | J26: BOSS_DAMAGE | K26: 48 | L26: Percent
